Workbook

Sheet ธ.ค.  
C1: จักรยานยนต์ ธ.ค. 67 | K1: จักรยานยนต์ ธ.ค. 66 | S1: จักรยานยนต์ ธ.ค. 65 | AA1: จักรยานยนต์ ธ.ค. 64 | AI1: จักรยานยนต์ ธ.ค. 63 | AQ1: จักรยานยนต์ ธ.ค. 62 | AY1: จักรยานยนต์ ธ.ค. 61 | BG1: จักรยานยนต์ ธ.ค. 60 | BP1: จักรยานยนต์ ธ.ค. 59 | BY1: จักรยานยนต์ ธ.ค. 58 | CH1: จักรยานยนต์ ธ.ค. 57 | CQ1: จักรยานยนต์ ธค 56 | CZ1: จักรยานยนต์ ธค 55 | DI1: จักรยานยนต ธค 54 | DR1: จักรยานยนต์ ธค 53 | EA1: จักรยานยนต์ ธค 52 | EJ1: จักรยานยนต์ ธค 51 | ES1: จักรยานยนต์ ธค 50 | FA1: จักรยานยนต์ ธ.ค.49 | FH1: จักรยานยนต์ ธ.ค.48
C2: พ.ย. 68 | D2: ธ.ค. 68 | E2: ร้อยละ | F2: ธ.ค. 67 | G2: ธ.ค. 68 | H2: ร้อยละ | K2: พ.ย. 66 | L2: ธ.ค. 66 | M2: ร้อยละ | N2: ธ.ค. 65 | O2: ธ.ค. 66 | P2: ร้อยละ | S2: พ.ย. 65 | T2: ธ.ค. 65 | U2: ร้อยละ | V2: ธ.ค. 64 | W2: ธ.ค. 65 | X2: ร้อยละ | AA2: พ.ย. 64 | AB2: ธ.ค. 64 | AC2: ร้อยละ | AD2: ธ.ค. 63 | AE2: ธ.ค. 64 | AF2: ร้อยละ | AI2: พ.ย. 63 | AJ2: ธ.ค. 63 | AK2: ร้อยละ | AL2: ธ.ค. 62 | AM2: ธ.ค. 63 | AN2: ร้อยละ | AQ2: พ.ย. 62 | AR2: ธ.ค. 62 | AS2: ร้อยละ | AT2: ธ.ค. 61 | AU2: ธ.ค. 62 | AV2: ร้อยละ | AY2: พ.ย. 61 | AZ2: ธ.ค. 61 | BA2: ร้อยละ | BB2: ธ.ค. 60 | BC2: ธ.ค. 61 | BD2: ร้อยละ | BG2: พ.ย. 60 | BH2: ธ.ค. 60 | BI2: ร้อยละ | BJ2: ธ.ค. 59 | BK2: ธ.ค. 60 | BL2: ร้อยละ | BP2: พ.ย. 59 | BQ2: ธ.ค. 59 | BR2: ร้อยละ | BS2: ธ.ค. 58 | BT2: ธ.ค. 59 | BU2: ร้อยละ | BY2: พย 58 | BZ2: ธค 58 | CA2: ร้อยละ | CB2: ธค 57 | CC2: ธค 58 | CD2: ร้อยละ | CH2: พย 57 | CI2: ธค 57 | CJ2: ร้อยละ | CK2: ธค 56 | CL2: ธค 57 | CM2: ร้อยละ | CQ2: พย 56 | CR2: ธค 56 | CS2: ร้อยละ | CT2: ธค 55 | CU2: ธค 56 | CV2: ร้อยละ | CZ2: พย 55 | DA2: ธค 55 | DB2: ร้อยละ | DC2: ธค 54 | DD2: ธค 55 | DE2: ร้อยละ | DI2: พย 54 | DJ2: ธค 54 | DK2: ร้อยละ | DL2: ธค 53 | DM2: ธค 54 | DN2: ร้อยละ | DR2: พย 53 | DS2: ธค 53 | DT2: ร้อยละ | DU2: ธค 52 | DV2: ธค 53 | DW2: ร้อยละ | EA2: พย 52 | EB2: ธค 52 | EC2: ร้อยละ | ED2: ธค 51 | EE2: ธค 52 | EF2: ร้อยละ | EJ2: พย 51 | EK2: ธค 51 | EL2: ร้อยละ | EM2: ธค 50 | EN2: ธค 51 | EO2: ร้อยละ | ES2: 18568 | ET2: 18598 | EU2: ร้อยละ | EV2: 18233 | EW2: 18598 | EX2: ร้อยละ | FA2: 18203 | FB2: 18233 | FC2: ร้อยละ | FD2: 17868 | FE2: 18233 | FF2: ร้อยละ | FI2: 17838 | FJ2: 17868 | FK2: ร้อยละ | FL2: 17502 | FM2: 17868 | FN2: ร้อยละ
A3: ผลิต | C3: 146167 | D3: 161304 | E3: =((D3-C3)/C3)*100 -> 10.355963 | F3: 153702 | G3: 161304 | H3: =((G3-F3)/F3)*100 -> 4.9459343 | I3: ผลิต | K3: 178045 | L3: 164528 | M3: =((L3-K3)/K3)*100 -> -7.5919009 | N3: 180474 | O3: 164528 | P3: =((O3-N3)/N3)*100 -> -8.8356218 | Q3: ผลิต | S3: 189040 | T3: 180474 | U3: =((T3-S3)/S3)*100 -> -4.5313161 | V3: 167823 | W3: 180474 | X3: =((W3-V3)/V3)*100 -> 7.5382993 | Y3: ผลิต | AA3: 188493 | AB3: 167823 | AC3: =((AB3-AA3)/AA3)*100 -> -10.965924 | AD3: 159099 | AE3: 167823 | AF3: =((AE3-AD3)/AD3)*100 -> 5.4833783 | AG3: ผลิต | AI3: 175569 | AJ3: 159099 | AK3: =((AJ3-AI3)/AI3)*100 -> -9.3809272 | AL3: 158839 | AM3: 159099 | AN3: =((AM3-AL3)/AL3)*100 -> 0.16368776 | AO3: ผลิต | AQ3: 171799 | AR3: 158839 | AS3: =((AR3-AQ3)/AQ3)*100 -> -7.5436993 | AT3: 148791 | AU3: 158839 | AV3: =((AU3-AT3)/AT3)*100 -> 6.7530966 | AW3: ผลิต | AY3: 189690 | AZ3: 148791 | BA3: =((AZ3-AY3)/AY3)*100 -> -21.560968 | BB3: 152315 | BC3: 148791 | BD3: =((BC3-BB3)/BB3)*100 -> -2.3136264 | BE3: ผลิต | BG3: 192451 | BH3: 152315 | BI3: =((BH3-BG3)/BG3)*100 -> -20.855179 | BJ3: 140147 | BK3: 152315 | BL3: =((BK3-BJ3)/BJ3)*100 -> 8.6823121 | BN3: ผลิต | BP3: 163400 | BQ3: 140147 | BR3: =((BQ3-BP3)/BP3)*100 -> -14.230722 | BS3: 144736 | BT3: 140147 | BU3: =((BT3-BS3)/BS3)*100 -> -3.1706003 | BW3: ผลิต | BY3: ='พ.ย. '!CK3 -> #REF! | BZ3: =#REF! -> #REF! | CA3: =((BZ3-BY3)/BY3)*100 -> #REF! | CB3: =#REF! -> #REF! | CC3: =BZ3 -> #REF! | CD3: =((CC3-CB3)/CB3)*100 -> #REF! | CF3: ผลิต | CH3: 149526 | CI3: 153187 | CJ3: =((CI3-CH3)/CH3)*100 -> 2.4484036 | CK3: =SUM(CK4:CK5) -> 143872 | CL3: 153187 | CM3: =((CL3-CK3)/CK3)*100 -> 6.4745051 | CO3: ผลิต | CQ3: 164466 | CR3: 143872 | CS3: =((CR3-CQ3)/CQ3)*100 -> -12.521737 | CT3: 183384 | CU3: 143872 | CV3: =((CU3-CT3)/CT3)*100 -> -21.546045 | CX3: ผลิต | CZ3: =SUM(CZ4:CZ5) -> 196615 | DA3: =SUM(DA4:DA5) -> 183384 | DB3: =((DA3-CZ3)/CZ3)*100 -> -6.729395 | DC3: =SUM(DC4:DC5) -> 151185 | DD3: =SUM(DD4:DD5) -> 183384 | DE3: =((DD3-DC3)/DC3)*100 -> 21.297748 | DG3: ผลิต | DI3: =SUM(DI4:DI5) -> 33424 | DJ3: =SUM(DJ4:DJ5) -> 151185 | DK3: =((DJ3-DI3)/DI3)*100 -> 352.32468 | DL3: 160982 | DM3: =SUM(DM4:DM5) -> 151185 | DN3: =((DM3-DL3)/DL3)*100 -> -6.0857736 | DP3: ผลิต | DR3: =SUM(DR4:DR5) -> 175866 | DS3: =SUM(DS4:DS5) -> 160982 | DT3: =((DS3-DR3)/DR3)*100 -> -8.4632618 | DU3: 141402 | DV3: 160982 | DW3: =((DV3-DU3)/DU3)*100 -> 13.847046 | DY3: ผลิต | EA3: =SUM(EA4:EA5) -> 165557 | EB3: =SUM(EB4:EB5) -> 141402 | EC3: =((EB3-EA3)/EA3)*100 -> -14.590141 | ED3: 136066 | EE3: =SUM(EE4:EE5) -> 141402 | EF3: =((EE3-ED3)/ED3)*100 -> 3.9216263 | EH3: ผลิต | EJ3: =SUM(EJ4:EJ5) -> 173782 | EK3: =SUM(EK4:EK5) -> 136066 | EL3: =((EK3-EJ3)/EJ3)*100 -> -21.703053 | EM3: =SUM(EM4:EM5) -> 133039 | EN3: 136066 | EO3: =((EN3-EM3)/EM3)*100 -> 2.2752727 | EQ3: ผลิต | ES3: =SUM(ES4:ES5) -> 138998 | ET3: =ET4+ET5 -> 133039 | EU3: =(ET3-ES3)/ES3*100 -> -4.287112 | EV3: =SUM(EV4:EV5) -> 152582 | EW3: =EW4+EW5 -> 133039 | EX3: =(EW3-EV3)/EV3*100 -> -12.808195 | EZ3: ผลิต | FA3: 155646 | FB3: 152582 | FC3: =((FB3-FA3)/FA3)*100 -> -1.9685697 | FD3: 192093 | FE3: =FB3 -> 152582 | FF3: =((FE3-FD3)/FD3)*100 -> -20.568683 | FH3: ผลิต | FI3: 225594 | FJ3: 192093 | FK3: =(FJ3-FI3)/FI3*100 -> -14.850129 | FL3: 254396 | FM3: 192093 | FN3: =((FM3-FL3)/FL3)*100 -> -24.490558
B4: ครอบครัว | C4: 119855 | D4: 130481 | E4: =((D4-C4)/C4)*100 -> 8.8657127 | F4: 123007 | G4: 130481 | H4: =((G4-F4)/F4)*100 -> 6.076077 | J4: ครอบครัว | K4: 135391 | L4: 130636 | M4: =((L4-K4)/K4)*100 -> -3.5120503 | N4: 142067 | O4: 130636 | P4: =((O4-N4)/N4)*100 -> -8.0462036 | R4: ครอบครัว | S4: 147360 | T4: 142067 | U4: =((T4-S4)/S4)*100 -> -3.5918838 | V4: 131804 | W4: 142067 | X4: =((W4-V4)/V4)*100 -> 7.7865619 | Z4: ครอบครัว | AA4: 147555 | AB4: 131804 | AC4: =((AB4-AA4)/AA4)*100 -> -10.674664 | AD4: 121636 | AE4: 131804 | AF4: =((AE4-AD4)/AD4)*100 -> 8.3593673 | AH4: ครอบครัว | AI4: 137471 | AJ4: 121636 | AK4: =((AJ4-AI4)/AI4)*100 -> -11.518793 | AL4: 126010 | AM4: 121636 | AN4: =((AM4-AL4)/AL4)*100 -> -3.4711531 | AP4: ครอบครัว | AQ4: 143103 | AR4: 126010 | AS4: =((AR4-AQ4)/AQ4)*100 -> -11.944543 | AT4: 115075 | AU4: 126010 | AV4: =((AU4-AT4)/AT4)*100 -> 9.5024984 | AX4: ครอบครัว | AY4: 148502 | AZ4: 115075 | BA4: =((AZ4-AY4)/AY4)*100 -> -22.509461 | BB4: 113842 | BC4: 115075 | BD4: =((BC4-BB4)/BB4)*100 -> 1.0830801 | BF4: ครอบครัว | BG4: 146474 | BH4: 113842 | BI4: =((BH4-BG4)/BG4)*100 -> -22.278357 | BJ4: 97926 | BK4: 113842 | BL4: =((BK4-BJ4)/BJ4)*100 -> 16.253089 | BO4: ครอบครัว | BP4: 122861 | BQ4: 97926 | BR4: =((BQ4-BP4)/BP4)*100 -> -20.295293 | BS4: 109508 | BT4: 97926 | BU4: =((BT4-BS4)/BS4)*100 -> -10.576396 | BX4: ครอบครัว | BY4: ='พ.ย. '!CK4 -> #REF! | BZ4: =#REF! -> #REF! | CA4: =((BZ4-BY4)/BY4)*100 -> #REF! | CB4: =#REF! -> #REF! | CC4: =BZ4 -> #REF! | CD4: =((CC4-CB4)/CB4)*100 -> #REF! | CG4: ครอบครัว | CH4: 120551 | CI4: 118902 | CJ4: =((CI4-CH4)/CH4)*100 -> -1.3678858 | CK4: 124495 | CL4: 118902 | CM4: =((CL4-CK4)/CK4)*100 -> -4.4925499 | CP4: ครอบครัว | CQ4: 133675 | CR4: 124495 | CS4: =((CR4-CQ4)/CQ4)*100 -> -6.8674023 | CT4: 164370 | CU4: 124495 | CV4: =((CU4-CT4)/CT4)*100 -> -24.259293 | CY4: ครอบครัว | CZ4: 173288 | DA4: 164370 | DB4: =((DA4-CZ4)/CZ4)*100 -> -5.146346 | DC4: 138488 | DD4: 164370 | DE4: =((DD4-DC4)/DC4)*100 -> 18.688984 | DH4: ครอบครัว | DI4: 31492 | DJ4: 138488 | DK4: =((DJ4-DI4)/DI4)*100 -> 339.75613 | DL4: 148407 | DM4: 138488 | DN4: =((DM4-DL4)/DL4)*100 -> -6.683647 | DQ4: ครอบครัว | DR4: =163686+177 -> 163863 | DS4: 148407 | DT4: =((DS4-DR4)/DR4)*100 -> -9.4322696 | DU4: 130952 | DV4: 148407 | DW4: =((DV4-DU4)/DU4)*100 -> 13.329312 | DZ4: ครอบครัว | EA4: 155123 | EB4: 130952 | EC4: =((EB4-EA4)/EA4)*100 -> -15.581829 | ED4: 120295 | EE4: 130952 | EF4: =((EE4-ED4)/ED4)*100 -> 8.8590548 | EI4: ครอบครัว | EJ4: 154637 | EK4: 120295 | EL4: =((EK4-EJ4)/EJ4)*100 -> -22.208139 | EM4: 123958 | EN4: 120295 | EO4: =((EN4-EM4)/EM4)*100 -> -2.9550332 | ER4: ครอบครัว | ES4: 134728 | ET4: 123958 | EU4: =(ET4-ES4)/ES4*100 -> -7.993884 | EV4: 148005 | EW4: 123958 | EX4: =(EW4-EV4)/EV4*100 -> -16.247424 | EZ4: จำหน่าย | FA4: 159737 | FB4: 163197 | FC4: =((FB4-FA4)/FA4)*100 -> 2.1660605 | FD4: 179958 | FE4: 163197 | FF4: =((FE4-FD4)/FD4)*100 -> -9.3138399 | FH4: จำหน่าย | FI4: 197728 | FJ4: 179958 | FK4: =(FJ4-FI4)/FI4*100 -> -8.9870934 | FL4: 188496 | FM4: 179958 | FN4: =((FM4-FL4)/FL4)*100 -> -4.5295391
B5: สปอร์ต | C5: 23324 | D5: 25964 | E5: =((D5-C5)/C5)*100 -> 11.318813 | F5: 25130 | G5: 25964 | H5: =((G5-F5)/F5)*100 -> 3.3187425 | J5: สปอร์ต | K5: 42554 | L5: 33792 | M5: =((L5-K5)/K5)*100 -> -20.590309 | N5: 38407 | O5: 33792 | P5: =((O5-N5)/N5)*100 -> -12.016039 | R5: สปอร์ต | S5: 41680 | T5: 38407 | U5: =((T5-S5)/S5)*100 -> -7.8526871 | V5: 36019 | W5: 38407 | X5: =((W5-V5)/V5)*100 -> 6.6298343 | Z5: สปอร์ต | AA5: 40938 | AB5: 36019 | AC5: =((AB5-AA5)/AA5)*100 -> -12.015731 | AD5: 37463 | AE5: 36019 | AF5: =((AE5-AD5)/AD5)*100 -> -3.8544697 | AH5: สปอร์ต | AI5: 38098 | AJ5: 37463 | AK5: =((AJ5-AI5)/AI5)*100 -> -1.6667542 | AL5: 32829 | AM5: 37463 | AN5: =((AM5-AL5)/AL5)*100 -> 14.115569 | AP5: สปอร์ต | AQ5: 28696 | AR5: 32829 | AS5: =((AR5-AQ5)/AQ5)*100 -> 14.402704 | AT5: 33716 | AU5: 32829 | AV5: =((AU5-AT5)/AT5)*100 -> -2.6307984 | AX5: สปอร์ต | AY5: 41188 | AZ5: 33716 | BA5: =((AZ5-AY5)/AY5)*100 -> -18.141206 | BB5: 38473 | BC5: 33716 | BD5: =((BC5-BB5)/BB5)*100 -> -12.364515 | BF5: สปอร์ต | BG5: 45977 | BH5: 38473 | BI5: =((BH5-BG5)/BG5)*100 -> -16.321204 | BJ5: 42221 | BK5: 38473 | BL5: =((BK5-BJ5)/BJ5)*100 -> -8.8770991 | BO5: สปอร์ต | BP5: 40539 | BQ5: 42221 | BR5: =((BQ5-BP5)/BP5)*100 -> 4.149091 | BS5: 35228 | BT5: 42221 | BU5: =((BT5-BS5)/BS5)*100 -> 19.850687 | BX5: สปอร์ต | BY5: ='พ.ย. '!CK5 -> #REF! | BZ5: =#REF! -> #REF! | CA5: =((BZ5-BY5)/BY5)*100 -> #REF! | CB5: =#REF! -> #REF! | CC5: =BZ5 -> #REF! | CD5: =((CC5-CB5)/CB5)*100 -> #REF! | CG5: สปอร์ต | CH5: 28975 | CI5: 34285 | CJ5: =((CI5-CH5)/CH5)*100 -> 18.326143 | CK5: 19377 | CL5: 34285 | CM5: =((CL5-CK5)/CK5)*100 -> 76.936574 | CP5: สปอร์ต | CQ5: 30791 | CR5: 19377 | CS5: =((CR5-CQ5)/CQ5)*100 -> -37.069273 | CT5: 19014 | CU5: 19377 | CV5: =((CU5-CT5)/CT5)*100 -> 1.9091196 | CY5: สปอร์ต | CZ5: 23327 | DA5: 19014 | DB5: =((DA5-CZ5)/CZ5)*100 -> -18.489304 | DC5: 12697 | DD5: 19014 | DE5: =((DD5-DC5)/DC5)*100 -> 49.75191 | DH5: สปอร์ต | DI5: 1932 | DJ5: 12697 | DK5: =((DJ5-DI5)/DI5)*100 -> 557.19462 | DL5: 12575 | DM5: 12697 | DN5: =((DM5-DL5)/DL5)*100 -> 0.97017893 | DQ5: สปอร์ต | DR5: =11999+4 -> 12003 | DS5: 12575 | DT5: =((DS5-DR5)/DR5)*100 -> 4.7654753 | DU5: 10450 | DV5: 12575 | DW5: =((DV5-DU5)/DU5)*100 -> 20.334928 | DZ5: สปอร์ต | EA5: 10434 | EB5: 10450 | EC5: =((EB5-EA5)/EA5)*100 -> 0.15334483 | ED5: 15771 | EE5: 10450 | EF5: =((EE5-ED5)/ED5)*100 -> -33.739141 | EI5: สปอร์ต | EJ5: 19145 | EK5: 15771 | EL5: =((EK5-EJ5)/EJ5)*100 -> -17.6234 | EM5: 9081 | EN5: 15771 | EO5: =((EN5-EM5)/EM5)*100 -> 73.670301 | ER5: สปอร์ต | ES5: 4270 | ET5: 9081 | EU5: =(ET5-ES5)/ES5*100 -> 112.66979 | EV5: 4577 | EW5: 9081 | EX5: =(EW5-EV5)/EV5*100 -> 98.405069 | EZ5: ส่งออก | FA5: 6149 | FB5: 4734 | FC5: =((FB5-FA5)/FA5)*100 -> -23.011872 | FD5: 11037 | FE5: =FB5 -> 4734 | FF5: =((FE5-FD5)/FD5)*100 -> -57.10791 | FH5: ส่งออก | FI5: 119929 | FJ5: 119173 | FK5: =(FJ5-FI5)/FI5*100 -> -0.63037297 | FL5: 67682 | FM5: 119173 | FN5: =((FM5-FL5)/FL5)*100 -> 76.077835
B6: EV | C6: 1541 | D6: 2248 | E6: =((D6-C6)/C6)*100 -> 45.879299 | F6: 100 | G6: 2248 | H6: =((G6-F6)/F6)*100 -> 2148 | J6: EV | K6: 100 | L6: 100 | M6: =((L6-K6)/K6)*100 -> 0 | O6: 100 | P6: =((O6-N6)/N6)*100 -> #DIV/0!
B7: ICONIC | C7: 1447 | D7: 2611 | E7: =((D7-C7)/C7)*100 -> 80.442294 | F7: 5465 | G7: 2611 | H7: =((G7-F7)/F7)*100 -> -52.223239 | J7: ICONIC | L7: 6201 | M7: =((L7-K7)/K7)*100 -> #DIV/0! | O7: 6201 | P7: =((O7-N7)/N7)*100 -> #DIV/0!
A8: จำหน่าย | C8: 128430 | D8: 134364 | E8: =((D8-C8)/C8)*100 -> 4.6204158 | F8: 124793 | G8: 134364 | H8: =((G8-F8)/F8)*100 -> 7.6695007 | I8: จำหน่าย | K8: 143121 | L8: 132377 | M8: =((L8-K8)/K8)*100 -> -7.5069347 | N8: 144445 | O8: 132377 | P8: =((O8-N8)/N8)*100 -> -8.3547371 | Q8: จำหน่าย | S8: 150980 | T8: 144445 | U8: =((T8-S8)/S8)*100 -> -4.3283879 | V8: 145343 | W8: 144445 | X8: =((W8-V8)/V8)*100 -> -0.61784881 | Y8: จำหน่าย | AA8: 144648 | AB8: 145343 | AC8: =((AB8-AA8)/AA8)*100 -> 0.48047674 | AD8: 123844 | AE8: 145343 | AF8: =((AE8-AD8)/AD8)*100 -> 17.359743 | AG8: จำหน่าย | AI8: 120062 | AJ8: 123844 | AK8: =((AJ8-AI8)/AI8)*100 -> 3.1500391 | AL8: 113615 | AM8: 123844 | AN8: =((AM8-AL8)/AL8)*100 -> 9.0032126 | AO8: จำหน่าย | AQ8: 135458 | AR8: 113615 | AS8: =((AR8-AQ8)/AQ8)*100 -> -16.125293 | AT8: 137300 | AU8: 113615 | AV8: =((AU8-AT8)/AT8)*100 -> -17.250546 | AW8: จำหน่าย | AY8: 145633 | AZ8: 137300 | BA8: =((AZ8-AY8)/AY8)*100 -> -5.7219174 | BB8: 131523 | BC8: 137300 | BD8: =((BC8-BB8)/BB8)*100 -> 4.3923876 | BE8: จำหน่าย | BG8: 153058 | BH8: 131523 | BI8: =((BH8-BG8)/BG8)*100 -> -14.06983 | BJ8: 124667 | BK8: 131523 | BL8: =((BK8-BJ8)/BJ8)*100 -> 5.4994505 | BN8: จำหน่าย | BP8: 137291 | BQ8: 124667 | BR8: =((BQ8-BP8)/BP8)*100 -> -9.1950674 | BS8: 122720 | BT8: 124667 | BU8: =((BT8-BS8)/BS8)*100 -> 1.5865385 | BW8: จำหน่าย | BY8: ='พ.ย. '!CK8 -> #REF! | BZ8: =#REF! -> #REF! | CA8: =((BZ8-BY8)/BY8)*100 -> #REF! | CB8: =#REF! -> #REF! | CC8: =BZ8 -> #REF! | CD8: =((CC8-CB8)/CB8)*100 -> #REF! | CF8: จำหน่าย | CH8: =CH9+CH10+CH11 -> 121025 | CI8: =CI9+CI10+CI11 -> 120001 | CJ8: =((CI8-CH8)/CH8)*100 -> -0.84610618 | CK8: =SUM(CK9:CK11) -> 126752 | CL8: =CL9+CL10+CL11 -> 120001 | CM8: =((CL8-CK8)/CK8)*100 -> -5.3261487 | CO8: จำหน่าย | CQ8: 138750 | CR8: 126852 | CS8: =((CR8-CQ8)/CQ8)*100 -> -8.5751351 | CT8: 152894 | CU8: 126852 | CV8: =((CU8-CT8)/CT8)*100 -> -17.032715 | CX8: จำหน่าย | CZ8: =SUM(CZ9:CZ11) -> 165774 | DA8: =SUM(DA9:DA11) -> 152894 | DB8: =((DA8-CZ8)/CZ8)*100 -> -7.7696141 | DC8: =SUM(DC9:DC11) -> 122377 | DD8: =SUM(DD9:DD11) -> 152894 | DE8: =((DD8-DC8)/DC8)*100 -> 24.936875 | DG8: จำหน่าย | DI8: =SUM(DI9:DI11) -> 128324 | DJ8: =SUM(DJ9:DJ11) -> 122377 | DK8: =((DJ8-DI8)/DI8)*100 -> -4.634363 | DL8: 158006 | DM8: =SUM(DM9:DM11) -> 122377 | DN8: =((DM8-DL8)/DL8)*100 -> -22.549144 | DP8: จำหน่าย | DR8: =SUM(DR9:DR11) -> 144220 | DS8: =SUM(DS9:DS11) -> 158006 | DT8: =((DS8-DR8)/DR8)*100 -> 9.5590071 | DU8: 147424 | DV8: 158006 | DW8: =((DV8-DU8)/DU8)*100 -> 7.1779357 | DY8: จำหน่าย | EA8: =SUM(EA9:EA11) -> 130264 | EB8: =SUM(EB9:EB11) -> 147424 | EC8: =((EB8-EA8)/EA8)*100 -> 13.173248 | ED8: 116026 | EE8: =SUM(EE9:EE11) -> 147424 | EF8: =((EE8-ED8)/ED8)*100 -> 27.061176 | EH8: จำหน่าย | EJ8: =SUM(EJ9:EJ11) -> 125323 | EK8: =SUM(EK9:EK11) -> 116026 | EL8: =((EK8-EJ8)/EJ8)*100 -> -7.4184308 | EM8: =SUM(EM9:EM11) -> 103218 | EN8: 116026 | EO8: =((EN8-EM8)/EM8)*100 -> 12.408688 | EQ8: จำหน่าย | ES8: =SUM(ES9:ES11) -> 129608 | ET8: =SUM(ET9:ET11) -> 103218 | EU8: =(ET8-ES8)/ES8*100 -> -20.361397 | EV8: =SUM(EV9:EV11) -> 163197 | EW8: =SUM(EW9:EW11) -> 103218 | EX8: =(EW8-EV8)/EV8*100 -> -36.752514
B9: - น้อยกว่า 50 ซีซี | C9: 0 | D9: 0 | E9: 0 | F9: 0 | G9: 0 | H9: 0 | J9: - น้อยกว่า 50 ซีซี | K9: 0 | L9: 0 | M9: 0 | N9: 0 | O9: 0 | P9: 0 | R9: - น้อยกว่า 50 ซีซี | S9: 0 | T9: 0 | U9: 0 | V9: 0 | W9: 0 | X9: 0 | Z9: - น้อยกว่า 50 ซีซี | AA9: 0 | AB9: 0 | AC9: 0 | AD9: 0 | AE9: 0 | AF9: 0 | AH9: - น้อยกว่า 50 ซีซี | AI9: 0 | AJ9: 0 | AK9: 0 | AL9: 0 | AM9: 0 | AN9: 0 | AP9: - น้อยกว่า 50 ซีซี | AQ9: 0 | AR9: 0 | AS9: 0 | AT9: 0 | AU9: 0 | AV9: 0 | AX9: - น้อยกว่า 50 ซีซี | AY9: 0 | AZ9: 0 | BA9: 0 | BB9: 0 | BC9: 0 | BD9: 0 | BF9: - น้อยกว่า 50 ซีซี | BG9: 1 | BH9: 0 | BI9: =((BH9-BG9)/BG9)*100 -> -100 | BK9: 0 | BO9: - น้อยกว่าหรือเท่ากับ 100 ซีซี | BP9: 8 | BQ9: 9 | BR9: =((BQ9-BP9)/BP9)*100 -> 12.5 | BT9: 9 | BX9: ครอบครัว | BY9: ='พ.ย. '!CK9 -> #REF! | BZ9: =#REF! -> #REF! | CA9: =((BZ9-BY9)/BY9)*100 -> #REF! | CB9: =#REF! -> #REF! | CC9: =BZ9 -> #REF! | CD9: =((CC9-CB9)/CB9)*100 -> #REF! | CG9: ครอบครัว | CH9: 61747 | CI9: 61058 | CJ9: =((CI9-CH9)/CH9)*100 -> -1.1158437 | CK9: 62927 | CL9: 61058 | CM9: =((CL9-CK9)/CK9)*100 -> -2.9701082 | CP9: ครอบครัว | CQ9: 68128 | CR9: 62927 | CS9: =((CR9-CQ9)/CQ9)*100 -> -7.6341592 | CT9: 71024 | CU9: 62927 | CV9: =((CU9-CT9)/CT9)*100 -> -11.400372 | CY9: ครอบครัว | CZ9: 73163 | DA9: 71024 | DB9: =((DA9-CZ9)/CZ9)*100 -> -2.9236089 | DC9: 50657 | DD9: 71024 | DE9: =((DD9-DC9)/DC9)*100 -> 40.205697 | DH9: ครอบครัว | DI9: 57995 | DJ9: 50657 | DK9: =((DJ9-DI9)/DI9)*100 -> -12.652815 | DL9: 71313 | DM9: 50657 | DN9: =((DM9-DL9)/DL9)*100 -> -28.965266 | DQ9: ครอบครัว | DR9: 66767 | DS9: 71313 | DT9: =((DS9-DR9)/DR9)*100 -> 6.8087528 | DU9: 71790 | DV9: 71313 | DW9: =((DV9-DU9)/DU9)*100 -> -0.66443794 | DZ9: ครอบครัว | EA9: 63240 | EB9: 71790 | EC9: =((EB9-EA9)/EA9)*100 -> 13.519924 | ED9: 56426 | EE9: 71790 | EF9: =((EE9-ED9)/ED9)*100 -> 27.228583 | EI9: ครอบครัว | EJ9: 66671 | EK9: 60171 | EL9: =((EK9-EJ9)/EJ9)*100 -> -9.7493663 | EM9: 53110 | EN9: 60171 | EO9: =((EN9-EM9)/EM9)*100 -> 13.295048 | ER9: ครอบครัว | ES9: 67453 | ET9: 53110 | EU9: =(ET9-ES9)/ES9*100 -> -21.263695 | EV9: 85217 | EW9: 53110 | EX9: =(EW9-EV9)/EV9*100 -> -37.676755 | FA9: รถยนต์ ธ.ค. 49 | FH9: รถยนต์ ธ.ค.48
B10: - 51-110 ซีซี | C10: 40214 | D10: 40786 | E10: =((D10-C10)/C10)*100 -> 1.4223902 | F10: 43663 | G10: 40786 | H10: =((G10-F10)/F10)*100 -> -6.5891029 | J10: - 51-110 ซีซี | K10: 53291 | L10: 51549 | M10: =((L10-K10)/K10)*100 -> -3.2688446 | N10: 64547 | O10: 51549 | P10: =((O10-N10)/N10)*100 -> -20.137264 | R10: - 51-110 ซีซี | S10: 70688 | T10: 64547 | U10: =((T10-S10)/S10)*100 -> -8.6874717 | V10: 71294 | W10: 64547 | X10: =((W10-V10)/V10)*100 -> -9.4636295 | Z10: - 51-110 ซีซี | AA10: 66454 | AB10: 71294 | AC10: =((AB10-AA10)/AA10)*100 -> 7.2832335 | AD10: 59235 | AE10: 71294 | AF10: =((AE10-AD10)/AD10)*100 -> 20.357897 | AH10: - 51-110 ซีซี | AI10: 55990 | AJ10: 59235 | AK10: =((AJ10-AI10)/AI10)*100 -> 5.7956778 | AL10: 56243 | AM10: 59235 | AN10: =((AM10-AL10)/AL10)*100 -> 5.3197731 | AP10: - 51-110 ซีซี | AQ10: 68831 | AR10: 56243 | AS10: =((AR10-AQ10)/AQ10)*100 -> -18.288271 | AT10: 74240 | AU10: 56243 | AV10: =((AU10-AT10)/AT10)*100 -> -24.241649 | AX10: - 51-110 ซีซี | AY10: 77235 | AZ10: 74240 | BA10: =((AZ10-AY10)/AY10)*100 -> -3.8777756 | BB10: 67983 | BC10: 74240 | BD10: =((BC10-BB10)/BB10)*100 -> 9.2037715 | BF10: - 51-110 ซีซี | BG10: 79895 | BH10: 67983 | BI10: =((BH10-BG10)/BG10)*100 -> -14.909569 | BK10: 67983 | BO10: - 101-125 ซีซี | BP10: 117649 | BQ10: 107169 | BR10: =((BQ10-BP10)/BP10)*100 -> -8.907853 | BT10: 107169 | BX10: สกูตเตอร์ | BY10: ='พ.ย. '!CK10 -> #REF! | BZ10: =#REF! -> #REF! | CA10: =((BZ10-BY10)/BY10)*100 -> #REF! | CB10: =#REF! -> #REF! | CC10: =BZ10 -> #REF! | CD10: =((CC10-CB10)/CB10)*100 -> #REF! | CG10: สกูตเตอร์ | CH10: 45455 | CI10: 44351 | CJ10: =((CI10-CH10)/CH10)*100 -> -2.4287757 | CK10: 52384 | CL10: 44351 | CM10: =((CL10-CK10)/CK10)*100 -> -15.334835 | CP10: สกูตเตอร์ | CQ10: 57898 | CR10: 52484 | CS10: =((CR10-CQ10)/CQ10)*100 -> -9.3509275 | CT10: 75702 | CU10: 52484 | CV10: =((CU10-CT10)/CT10)*100 -> -30.67026 | CY10: สกูตเตอร์ | CZ10: 85406 | DA10: 75702 | DB10: =((DA10-CZ10)/CZ10)*100 -> -11.362199 | DC10: 66637 | DD10: 75702 | DE10: =((DD10-DC10)/DC10)*100 -> 13.603554 | DH10: สกูตเตอร์ | DI10: 63063 | DJ10: 66637 | DK10: =((DJ10-DI10)/DI10)*100 -> 5.6673485 | DL10: 82701 | DM10: 66637 | DN10: =((DM10-DL10)/DL10)*100 -> -19.424191 | DQ10: สกูตเตอร์ | DR10: 75078 | DS10: 82701 | DT10: =((DS10-DR10)/DR10)*100 -> 10.15344 | DU10: 69200 | DV10: 82701 | DW10: =((DV10-DU10)/DU10)*100 -> 19.510116 | DZ10: สปอร์ต | EA10: 61341 | EB10: 69200 | EC10: =((EB10-EA10)/EA10)*100 -> 12.811985 | ED10: 54846 | EE10: 69200 | EF10: =((EE10-ED10)/ED10)*100 -> 26.171462 | EI10: สปอร์ต | EJ10: 1486 | EK10: 778 | EL10: =((EK10-EJ10)/EJ10)*100 -> -47.644684 | EM10: 993 | EN10: 778 | EO10: =((EN10-EM10)/EM10)*100 -> -21.651561 | ER10: สปอร์ต | ES10: 1320 | ET10: 993 | EU10: =(ET10-ES10)/ES10*100 -> -24.772727 | EV10: 1924 | EW10: 993 | EX10: =(EW10-EV10)/EV10*100 -> -48.388773 | FA10: 18203 | FB10: 18233 | FC10: ร้อยละ | FD10: 17868 | FE10: 18233 | FF10: ร้อยละ | FI10: 17838 | FJ10: 17868 | FK10: ร้อยละ | FL10: 17502 | FM10: 17868 | FN10: ร้อยละ
B11: - 111-125 ซีซี | C11: 59677 | D11: 62974 | E11: =((D11-C11)/C11)*100 -> 5.5247415 | F11: 50395 | G11: 62974 | H11: =((G11-F11)/F11)*100 -> 24.96081 | J11: - 111-125 ซีซี | K11: 51508 | L11: 46306 | M11: =((L11-K11)/K11)*100 -> -10.099402 | N11: 43621 | O11: 46306 | P11: =((O11-N11)/N11)*100 -> 6.1552922 | R11: - 111-125 ซีซี | S11: 43477 | T11: 43621 | U11: =((T11-S11)/S11)*100 -> 0.33120961 | V11: 38866 | W11: 43621 | X11: =((W11-V11)/V11)*100 -> 12.234344 | Z11: - 111-125 ซีซี | AA11: 41063 | AB11: 38866 | AC11: =((AB11-AA11)/AA11)*100 -> -5.3503154 | AD11: 34450 | AE11: 38866 | AF11: =((AE11-AD11)/AD11)*100 -> 12.818578 | AH11: - 111-125 ซีซี | AI11: 34216 | AJ11: 34450 | AK11: =((AJ11-AI11)/AI11)*100 -> 0.68389058 | AL11: 29234 | AM11: 34450 | AN11: =((AM11-AL11)/AL11)*100 -> 17.842238 | AP11: - 111-125 ซีซี | AQ11: 36123 | AR11: 29234 | AS11: =((AR11-AQ11)/AQ11)*100 -> -19.070952 | AT11: 35097 | AU11: 29234 | AV11: =((AU11-AT11)/AT11)*100 -> -16.705131 | AX11: - 111-125 ซีซี | AY11: 38102 | AZ11: 35097 | BA11: =((AZ11-AY11)/AY11)*100 -> -7.8867251 | BB11: 39714 | BC11: 35097 | BD11: =((BC11-BB11)/BB11)*100 -> -11.625623 | BF11: - 111-125 ซีซี | BG11: 44466 | BH11: 39714 | BI11: =((BH11-BG11)/BG11)*100 -> -10.686817 | BK11: 39714 | BO11: - 126-150 ซีซี | BP11: 13144 | BQ11: 11591 | BR11: =((BQ11-BP11)/BP11)*100 -> -11.815277 | BT11: 11591 | BX11: สปอร์ต | BY11: ='พ.ย. '!CK12 -> #REF! | BZ11: =#REF! -> #REF! | CA11: =((BZ11-BY11)/BY11)*100 -> #REF! | CB11: =#REF! -> #REF! | CC11: =BZ11 -> #REF! | CD11: =((CC11-CB11)/CB11)*100 -> #REF! | CG11: สปอร์ต | CH11: 13823 | CI11: 14592 | CJ11: =((CI11-CH11)/CH11)*100 -> 5.5631918 | CK11: 11441 | CL11: 14592 | CM11: =((CL11-CK11)/CK11)*100 -> 27.541299 | CP11: สปอร์ต | CQ11: 12724 | CR11: 11441 | CS11: =((CR11-CQ11)/CQ11)*100 -> -10.083307 | CT11: 6168 | CU11: 11441 | CV11: =((CU11-CT11)/CT11)*100 -> 85.489624 | CY11: สปอร์ต | CZ11: 7205 | DA11: 6168 | DB11: =((DA11-CZ11)/CZ11)*100 -> -14.392783 | DC11: 5083 | DD11: 6168 | DE11: =((DD11-DC11)/DC11)*100 -> 21.345662 | DH11: สปอร์ต | DI11: 7266 | DJ11: 5083 | DK11: =((DJ11-DI11)/DI11)*100 -> -30.044041 | DL11: 3992 | DM11: 5083 | DN11: =((DM11-DL11)/DL11)*100 -> 27.329659 | DQ11: สปอร์ต | DR11: 2375 | DS11: 3992 | DT11: =((DS11-DR11)/DR11)*100 -> 68.084211 | DU11: 6434 | DV11: 3992 | DW11: =((DV11-DU11)/DU11)*100 -> -37.954616 | DZ11: สกูตเตอร์ | EA11: 5683 | EB11: 6434 | EC11: =((EB11-EA11)/EA11)*100 -> 13.214851 | ED11: 4754 | EE11: 6434 | EF11: =((EE11-ED11)/ED11)*100 -> 35.338662 | EI11: สกูตเตอร์ | EJ11: 57166 | EK11: 55077 | EL11: =((EK11-EJ11)/EJ11)*100 -> -3.65427 | EM11: 49115 | EN11: 55077 | EO11: =((EN11-EM11)/EM11)*100 -> 12.138858 | ER11: สกูตเตอร์ | ES11: 60835 | ET11: 49115 | EU11: =(ET11-ES11)/ES11*100 -> -19.265226 | EV11: 76056 | EW11: 49115 | EX11: =(EW11-EV11)/EV11*100 -> -35.422583 | EZ11: ผลิต | FA11: 101117 | FB11: 91751 | FC11: =((FB11-FA11)/FA11)*100 -> -9.2625375 | FD11: 99019 | FE11: 91751 | FF11: =((FE11-FD11)/FD11)*100 -> -7.3400055 | FH11: ผลิต | FI11: 108176 | FJ11: 99019 | FK11: =(FJ11-FI11)/FI11*100 -> -8.464909 | FL11: 87504 | FM11: 99019 | FN11: =(FM11-FL11)/FL11*100 -> 13.159398
B12: - 126-250 ซีซี | C12: 21942 | D12: 22406 | E12: =((D12-C12)/C12)*100 -> 2.1146659 | F12: 23024 | G12: 22406 | H12: =((G12-F12)/F12)*100 -> -2.6841557 | J12: - 126-250 ซีซี | K12: 29754 | L12: 26376 | M12: =((L12-K12)/K12)*100 -> -11.353095 | N12: 29823 | O12: 26376 | P12: =((O12-N12)/N12)*100 -> -11.558193 | R12: - 126-250 ซีซี | S12: 29652 | T12: 29823 | U12: =((T12-S12)/S12)*100 -> 0.5766896 | V12: 28669 | W12: 29823 | X12: =((W12-V12)/V12)*100 -> 4.0252538 | Z12: - 126-250 ซีซี | AA12: 28920 | AB12: 28669 | AC12: =((AB12-AA12)/AA12)*100 -> -0.86791148 | AD12: 24427 | AE12: 28669 | AF12: =((AE12-AD12)/AD12)*100 -> 17.366029 | AH12: - 126-250 ซีซี | AI12: 24638 | AJ12: 24427 | AK12: =((AJ12-AI12)/AI12)*100 -> -0.85640068 | AL12: 23251 | AM12: 24427 | AN12: =((AM12-AL12)/AL12)*100 -> 5.057847 | AP12: - 126-250 ซีซี | AQ12: 24928 | AR12: 23251 | AS12: =((AR12-AQ12)/AQ12)*100 -> -6.7273748 | AT12: 23337 | AU12: 23251 | AV12: =((AU12-AT12)/AT12)*100 -> -0.36851352 | AX12: - 126-250 ซีซี | AY12: 25136 | AZ12: 23337 | BA12: =((AZ12-AY12)/AY12)*100 -> -7.1570656 | BB12: 19992 | BC12: 23337 | BD12: =((BC12-BB12)/BB12)*100 -> 16.731693 | BF12: - 126-250 ซีซี | BG12: 24240 | BH12: 19992 | BI12: =((BH12-BG12)/BG12)*100 -> -17.524752 | BK12: 19992 | BO12: - มากกว่าหรือเท่ากับ 151 ซีซี | BP12: 6490 | BQ12: 5898 | BR12: =((BQ12-BP12)/BP12)*100 -> -9.1217257 | BT12: 5898
B13: - 251-399 ซีซี | C13: 5794 | D13: 7419 | E13: =((D13-C13)/C13)*100 -> 28.046255 | F13: 6886 | G13: 7419 | H13: =((G13-F13)/F13)*100 -> 7.7403427 | J13: - 251-399 ซีซี | K13: 7499 | L13: 7035 | M13: =((L13-K13)/K13)*100 -> -6.1874917 | N13: 5205 | O13: 7035 | P13: =((O13-N13)/N13)*100 -> 35.158501 | R13: - 251-399 ซีซี | S13: 5809 | T13: 5205 | U13: =((T13-S13)/S13)*100 -> -10.397659 | V13: 5296 | W13: 5205 | X13: =((W13-V13)/V13)*100 -> -1.7182779 | Z13: - 251-399 ซีซี | AA13: 6886 | AB13: 5296 | AC13: =((AB13-AA13)/AA13)*100 -> -23.090328 | AD13: 4250 | AE13: 5296 | AF13: =((AE13-AD13)/AD13)*100 -> 24.611765 | AH13: - 251-399 ซีซี | AI13: 3748 | AJ13: 4250 | AK13: =((AJ13-AI13)/AI13)*100 -> 13.39381 | AL13: 3054 | AM13: 4250 | AN13: =((AM13-AL13)/AL13)*100 -> 39.161755 | AP13: - 251-399 ซีซี | AQ13: 3690 | AR13: 3054 | AS13: =((AR13-AQ13)/AQ13)*100 -> -17.235772 | AT13: 2737 | AU13: 3054 | AV13: =((AU13-AT13)/AT13)*100 -> 11.582024 | AX13: - 251-399 ซีซี | AY13: 2924 | AZ13: 2737 | BA13: =((AZ13-AY13)/AY13)*100 -> -6.3953488 | BB13: 1949 | BC13: 2737 | BD13: =((BC13-BB13)/BB13)*100 -> 40.43099 | BF13: - 251-399 ซีซี | BG13: 2201 | BH13: 1949 | BI13: =((BH13-BG13)/BG13)*100 -> -11.449341 | BK13: 1949
B14: - มากกว่าหรือเท่ากับ 400 ซีซี | C14: 803 | D14: 779 | E14: =((D14-C14)/C14)*100 -> -2.988792 | F14: 825 | G14: 779 | H14: =((G14-F14)/F14)*100 -> -5.5757576 | J14: - มากกว่าหรือเท่ากับ 400 ซีซี | K14: 1069 | L14: 1111 | M14: =((L14-K14)/K14)*100 -> 3.9289055 | N14: 1249 | O14: 1111 | P14: =((O14-N14)/N14)*100 -> -11.048839 | R14: - มากกว่าหรือเท่ากับ 400 ซีซี | S14: 1354 | T14: 1249 | U14: =((T14-S14)/S14)*100 -> -7.7548006 | V14: 1218 | W14: 1249 | X14: =((W14-V14)/V14)*100 -> 2.545156 | Z14: - มากกว่าหรือเท่ากับ 400 ซีซี | AA14: 1325 | AB14: 1218 | AC14: =((AB14-AA14)/AA14)*100 -> -8.0754717 | AD14: 1482 | AE14: 1218 | AF14: =((AE14-AD14)/AD14)*100 -> -17.813765 | AH14: - มากกว่าหรือเท่ากับ 400 ซีซี | AI14: 1470 | AJ14: 1482 | AK14: =((AJ14-AI14)/AI14)*100 -> 0.81632653 | AL14: 1833 | AM14: 1482 | AN14: =((AM14-AL14)/AL14)*100 -> -19.148936 | AP14: - มากกว่าหรือเท่ากับ 400 ซีซี | AQ14: 1886 | AR14: 1833 | AS14: =((AR14-AQ14)/AQ14)*100 -> -2.8101803 | AT14: 1889 | AU14: 1833 | AV14: =((AU14-AT14)/AT14)*100 -> -2.9645315 | AX14: - มากกว่าหรือเท่ากับ 400 ซีซี | AY14: 2236 | AZ14: 1889 | BA14: =((AZ14-AY14)/AY14)*100 -> -15.518784 | BB14: 1885 | BC14: 1889 | BD14: =((BC14-BB14)/BB14)*100 -> 0.21220159 | BF14: - มากกว่าหรือเท่ากับ 400 ซีซี | BG14: 2255 | BH14: 1885 | BI14: =((BH14-BG14)/BG14)*100 -> -16.407982 | BK14: 1885
A15: ส่งออก | B15: (CBU&CKD) | C15: 80554 | D15: 77842 | E15: =((D15-C15)/C15)*100 -> -3.3666857 | F15: 81175 | G15: 77842 | H15: =((G15-F15)/F15)*100 -> -4.1059439 | I15: ส่งออก | J15: (CBU&CKD) | K15: 76148 | L15: 76573 | M15: =((L15-K15)/K15)*100 -> 0.55812365 | N15: 91960 | O15: 76573 | P15: =((O15-N15)/N15)*100 -> -16.732275 | Q15: ส่งออก | R15: (CBU&CKD) | S15: 89707 | T15: 91960 | U15: =((T15-S15)/S15)*100 -> 2.5115097 | V15: 85678 | W15: 91960 | X15: =((W15-V15)/V15)*100 -> 7.3321039 | Y15: ส่งออก | Z15: (CBU&CKD) | AA15: 81029 | AB15: 85678 | AC15: =((AB15-AA15)/AA15)*100 -> 5.737452 | AD15: 78429 | AE15: 85678 | AF15: =((AE15-AD15)/AD15)*100 -> 9.2427546 | AG15: ส่งออก | AH15: (CBU&CKD) | AI15: 67261 | AJ15: 78429 | AK15: =((AJ15-AI15)/AI15)*100 -> 16.603976 | AL15: 97156 | AM15: 78429 | AN15: =((AM15-AL15)/AL15)*100 -> -19.275186 | AO15: ส่งออก | AP15: (CBU&CKD) | AQ15: 94167 | AR15: 97156 | AS15: =((AR15-AQ15)/AQ15)*100 -> 3.1741481 | AT15: 93520 | AU15: 97156 | AV15: =((AU15-AT15)/AT15)*100 -> 3.8879384 | AW15: ส่งออก | AX15: (CBU&CKD) | AY15: 86277 | AZ15: 93520 | BA15: =((AZ15-AY15)/AY15)*100 -> 8.3950531 | BB15: 83382 | BC15: 93520 | BD15: =((BC15-BB15)/BB15)*100 -> 12.158499 | BE15: ส่งออก | BF15: (CBU&CKD) | BG15: 81842 | BH15: 83382 | BI15: =((BH15-BG15)/BG15)*100 -> 1.8816744 | BJ15: 98465 | BK15: 83382 | BL15: =((BK15-BJ15)/BJ15)*100 -> -15.318133 | BN15: ส่งออก | BO15: (CBU&CKD) | BP15: 97248 | BQ15: 98465 | BR15: =((BQ15-BP15)/BP15)*100 -> 1.2514396 | BS15: 92703 | BT15: 98465 | BU15: =((BT15-BS15)/BS15)*100 -> 6.2155486 | BW15: ส่งออก | BX15: (CBU&CKD) | BY15: ='พ.ย. '!CK15 -> #REF! | BZ15: =#REF! -> #REF! | CA15: =((BZ15-BY15)/BY15)*100 -> #REF! | CB15: =#REF! -> #REF! | CC15: =BZ15 -> #REF! | CD15: =((CC15-CB15)/CB15)*100 -> #REF! | CF15: ส่งออก | CG15: (CBU&CKD) | CH15: =CH16+CH17 -> 74348 | CI15: =CI16+CI17 -> 81947 | CJ15: =((CI15-CH15)/CH15)*100 -> 10.220853 | CK15: =SUM(CK16:CK17) -> 89399 | CL15: =CL16+CL17 -> 81947 | CM15: =((CL15-CK15)/CK15)*100 -> -8.3356637 | CO15: ส่งออก | CP15: (CBU&CKD) | CQ15: =SUM(CQ16:CQ17) -> 88054 | CR15: 89399 | CS15: =((CR15-CQ15)/CQ15)*100 -> 1.5274718 | CT15: 85959 | CU15: 89399 | CV15: =((CU15-CT15)/CT15)*100 -> 4.0019079 | CX15: ส่งออก | CY15: (CBU&CKD) | CZ15: =SUM(CZ16:CZ17) -> 81595 | DA15: =SUM(DA16:DA17) -> 85959 | DB15: =((DA15-CZ15)/CZ15)*100 -> 5.3483669 | DC15: =SUM(DC16:DC17) -> 120762 | DD15: =SUM(DD16:DD17) -> 85959 | DE15: =((DD15-DC15)/DC15)*100 -> -28.819496 | DG15: ส่งออก | DH15: (CBU&CKD) | DI15: =SUM(DI16:DI17) -> 37896 | DJ15: =SUM(DJ16:DJ17) -> 120762 | DK15: =((DJ15-DI15)/DI15)*100 -> 218.66688 | DL15: 91580 | DM15: =SUM(DM16:DM17) -> 120762 | DN15: =((DM15-DL15)/DL15)*100 -> 31.865036 | DP15: ส่งออก | DQ15: (CBU&CKD) | DR15: =SUM(DR16:DR17) -> 93967 | DS15: =SUM(DS16:DS17) -> 91580 | DT15: =((DS15-DR15)/DR15)*100 -> -2.5402535 | DU15: 63971 | DV15: 91580 | DW15: =((DV15-DU15)/DU15)*100 -> 43.158619 | DY15: ส่งออก | DZ15: (CBU&CKD) | EA15: =SUM(EA16:EA17) -> 72299 | EB15: =SUM(EB16:EB17) -> 63971 | EC15: =((EB15-EA15)/EA15)*100 -> -11.518832 | ED15: 72961 | EE15: =SUM(EE16:EE17) -> 63971 | EF15: =((EE15-ED15)/ED15)*100 -> -12.321651 | EH15: ส่งออก | EI15: (CBU&CKD) | EJ15: =SUM(EJ16:EJ17) -> 70581 | EK15: =SUM(EK16:EK17) -> 72961 | EL15: =((EK15-EJ15)/EJ15)*100 -> 3.3720123 | EM15: =SUM(EM16:EM17) -> 172027 | EN15: 72961 | EO15: =((EN15-EM15)/EM15)*100 -> -57.587472 | EQ15: ส่งออก | ER15: (CBU&CKD) | ES15: =ES16+ES17 -> 144852 | ET15: =ET16+ET17 -> 172027 | EU15: =(ET15-ES15)/ES15*100 -> 18.760528 | EV15: =SUM(EV16:EV17) -> 150654 | EW15: =EW16+EW17 -> 172027 | EX15: =(EW15-EV15)/EV15*100 -> 14.186812 | EZ15: จำหน่าย | FA15: 57800 | FB15: 84521 | FC15: =((FB15-FA15)/FA15)*100 -> 46.230104 | FD15: 77856 | FE15: 84521 | FF15: =((FE15-FD15)/FD15)*100 -> 8.5606761 | FH15: จำหน่าย | FI15: 63417 | FJ15: 77856 | FK15: =(FJ15-FI15)/FI15*100 -> 22.768343 | FL15: 73251 | FM15: 77856 | FN15: =(FM15-FL15)/FL15*100 -> 6.2866036
B16: CBU | C16: 27081 | D16: 30674 | E16: =((D16-C16)/C16)*100 -> 13.267605 | F16: 32263 | G16: 30674 | H16: =((G16-F16)/F16)*100 -> -4.9251465 | J16: CBU | K16: 43347 | L16: 39973 | M16: =((L16-K16)/K16)*100 -> -7.783699 | N16: 52060 | O16: 39973 | P16: =((O16-N16)/N16)*100 -> -23.217441 | R16: CBU | S16: 40697 | T16: 52060 | U16: =((T16-S16)/S16)*100 -> 27.920977 | V16: 36078 | W16: 52060 | X16: =((W16-V16)/V16)*100 -> 44.298464 | Z16: CBU | AA16: 37890 | AB16: 36078 | AC16: =((AB16-AA16)/AA16)*100 -> -4.7822644 | AD16: 33059 | AE16: 36078 | AF16: =((AE16-AD16)/AD16)*100 -> 9.1321577 | AH16: CBU | AI16: 28819 | AJ16: 33059 | AK16: =((AJ16-AI16)/AI16)*100 -> 14.712516 | AL16: 37280 | AM16: 33059 | AN16: =((AM16-AL16)/AL16)*100 -> -11.322425 | AP16: CBU | AQ16: 31277 | AR16: 37280 | AS16: =((AR16-AQ16)/AQ16)*100 -> 19.193017 | AT16: 38324 | AU16: 37280 | AV16: =((AU16-AT16)/AT16)*100 -> -2.7241415 | AX16: CBU | AY16: 32174 | AZ16: 38324 | BA16: =((AZ16-AY16)/AY16)*100 -> 19.114813 | BB16: 35582 | BC16: 38324 | BD16: =((BC16-BB16)/BB16)*100 -> 7.7061436 | BF16: CBU | BG16: 33822 | BH16: 35582 | BI16: =((BH16-BG16)/BG16)*100 -> 5.2037136 | BJ16: 34466 | BK16: 35582 | BL16: =((BK16-BJ16)/BJ16)*100 -> 3.2379737 | BO16: CBU | BP16: 29934 | BQ16: 34466 | BR16: =((BQ16-BP16)/BP16)*100 -> 15.139975 | BS16: 32683 | BT16: 34466 | BU16: =((BT16-BS16)/BS16)*100 -> 5.4554355 | BX16: CBU | BY16: ='พ.ย. '!CK16 -> #REF! | BZ16: =#REF! -> #REF! | CA16: =((BZ16-BY16)/BY16)*100 -> #REF! | CB16: =#REF! -> #REF! | CC16: =BZ16 -> #REF! | CD16: =((CC16-CB16)/CB16)*100 -> #REF! | CG16: CBU | CH16: 22872 | CI16: 29597 | CJ16: =((CI16-CH16)/CH16)*100 -> 29.402763 | CK16: 28300 | CL16: 29597 | CM16: =((CL16-CK16)/CK16)*100 -> 4.5830389 | CP16: CBU | CQ16: 29331 | CR16: 28300 | CS16: =((CR16-CQ16)/CQ16)*100 -> -3.5150523 | CT16: 26449 | CU16: 28300 | CV16: =((CU16-CT16)/CT16)*100 -> 6.9983742 | CY16: CBU | CZ16: 24053 | DA16: 26449 | DB16: =((DA16-CZ16)/CZ16)*100 -> 9.9613354 | DC16: 16178 | DD16: 26449 | DE16: =((DD16-DC16)/DC16)*100 -> 63.487452 | DH16: CBU | DI16: 1978 | DJ16: 16178 | DK16: =((DJ16-DI16)/DI16)*100 -> 717.89687 | DL16: 17125 | DM16: 16178 | DN16: =((DM16-DL16)/DL16)*100 -> -5.529927 | DQ16: CBU | DR16: 15407 | DS16: 17125 | DT16: =((DS16-DR16)/DR16)*100 -> 11.150776 | DU16: 8420 | DV16: 17125 | DW16: =((DV16-DU16)/DU16)*100 -> 103.3848 | DZ16: CBU | EA16: 8081 | EB16: 8420 | EC16: =((EB16-EA16)/EA16)*100 -> 4.1950254 | ED16: 17512 | EE16: 8420 | EF16: =((EE16-ED16)/ED16)*100 -> -51.918684 | EI16: CBU | EJ16: 16348 | EK16: 17512 | EL16: =((EK16-EJ16)/EJ16)*100 -> 7.120137 | EM16: 9747 | EN16: 17512 | EO16: =((EN16-EM16)/EM16)*100 -> 79.665538 | ER16: CBU | ES16: 7072 | ET16: 9747 | EU16: =(ET16-ES16)/ES16*100 -> 37.825226 | EV16: 4734 | EW16: 9747 | EX16: =(EW16-EV16)/EV16*100 -> 105.89354 | EZ16: ส่งออก | FA16: 44085 | FB16: 54896 | FC16: =((FB16-FA16)/FA16)*100 -> 24.52308 | FD16: 38303 | FE16: =FB16 -> 54896 | FF16: =((FE16-FD16)/FD16)*100 -> 43.320367 | FH16: ส่งออก | FI16: 40952 | FJ16: 38303 | FK16: =(FJ16-FI16)/FI16*100 -> -6.4685485 | FL16: 34383 | FM16: 38303 | FN16: =(FM16-FL16)/FL16*100 -> 11.400983
B17: CKD | C17: 53473 | D17: 47168 | E17: =((D17-C17)/C17)*100 -> -11.790997 | F17: 48912 | G17: 47168 | H17: =((G17-F17)/F17)*100 -> -3.5655872 | J17: CKD | K17: 32801 | L17: 36600 | M17: =((L17-K17)/K17)*100 -> 11.581964 | N17: 39900 | O17: 36600 | P17: =((O17-N17)/N17)*100 -> -8.2706767 | R17: CKD | S17: 49010 | T17: 39900 | U17: =((T17-S17)/S17)*100 -> -18.588043 | V17: 49600 | W17: 39900 | X17: =((W17-V17)/V17)*100 -> -19.556452 | Z17: CKD | AA17: 43139 | AB17: 49600 | AC17: =((AB17-AA17)/AA17)*100 -> 14.977167 | AD17: 45370 | AE17: 49600 | AF17: =((AE17-AD17)/AD17)*100 -> 9.3233414 | AH17: CKD | AI17: 38442 | AJ17: 45370 | AK17: =((AJ17-AI17)/AI17)*100 -> 18.021955 | AL17: 59876 | AM17: 45370 | AN17: =((AM17-AL17)/AL17)*100 -> -24.226735 | AP17: CKD | AQ17: 62890 | AR17: 59876 | AS17: =((AR17-AQ17)/AQ17)*100 -> -4.7924948 | AT17: 55196 | AU17: 59876 | AV17: =((AU17-AT17)/AT17)*100 -> 8.4788753 | AX17: CKD | AY17: 54103 | AZ17: 55196 | BA17: =((AZ17-AY17)/AY17)*100 -> 2.0202207 | BB17: 47800 | BC17: 55196 | BD17: =((BC17-BB17)/BB17)*100 -> 15.472803 | BF17: CKD | BG17: 48020 | BH17: 47800 | BI17: =((BH17-BG17)/BG17)*100 -> -0.45814244 | BJ17: 63999 | BK17: 47800 | BL17: =((BK17-BJ17)/BJ17)*100 -> -25.311333 | BO17: CKD | BP17: 67314 | BQ17: 63999 | BR17: =((BQ17-BP17)/BP17)*100 -> -4.9246813 | BS17: 60020 | BT17: 63999 | BU17: =((BT17-BS17)/BS17)*100 -> 6.6294568 | BX17: CKD | BY17: ='พ.ย. '!CK17 -> #REF! | BZ17: =#REF! -> #REF! | CA17: =((BZ17-BY17)/BY17)*100 -> #REF! | CB17: =#REF! -> #REF! | CC17: =BZ17 -> #REF! | CD17: =((CC17-CB17)/CB17)*100 -> #REF! | CG17: CKD | CH17: 51476 | CI17: 52350 | CJ17: =((CI17-CH17)/CH17)*100 -> 1.6978786 | CK17: 61099 | CL17: 52350 | CM17: =((CL17-CK17)/CK17)*100 -> -14.319383 | CP17: CKD | CQ17: 58723 | CR17: 61099 | CS17: =((CR17-CQ17)/CQ17)*100 -> 4.0461148 | CT17: 59510 | CU17: 61099 | CV17: =((CU17-CT17)/CT17)*100 -> 2.6701395 | CY17: CKD | CZ17: 57542 | DA17: 59510 | DB17: =((DA17-CZ17)/CZ17)*100 -> 3.4201105 | DC17: 104584 | DD17: 59510 | DE17: =((DD17-DC17)/DC17)*100 -> -43.098371 | DH17: CKD | DI17: 35918 | DJ17: 104584 | DK17: =((DJ17-DI17)/DI17)*100 -> 191.17434 | DL17: 74455 | DM17: 104584 | DN17: =((DM17-DL17)/DL17)*100 -> 40.466053 | DQ17: CKD | DR17: 78560 | DS17: 74455 | DT17: =((DS17-DR17)/DR17)*100 -> -5.2253055 | DU17: 55551 | DV17: 74455 | DW17: =((DV17-DU17)/DU17)*100 -> 34.02999 | DZ17: CKD | EA17: 64218 | EB17: 55551 | EC17: =((EB17-EA17)/EA17)*100 -> -13.496216 | ED17: 55449 | EE17: 55551 | EF17: =((EE17-ED17)/ED17)*100 -> 0.18395282 | EI17: CKD | EJ17: 54233 | EK17: 55449 | EL17: =((EK17-EJ17)/EJ17)*100 -> 2.2421773 | EM17: 162280 | EN17: 55449 | EO17: =((EN17-EM17)/EM17)*100 -> -65.831279 | ER17: CKD | ES17: 137780 | ET17: 162280 | EU17: =(ET17-ES17)/ES17*100 -> 17.781971 | EV17: 145920 | EW17: 162280 | EX17: =(EW17-EV17)/EV17*100 -> 11.211623
B18: ล้านบาท | C18: 5160.9006 | D18: 5192.1195 | E18: =((D18-C18)/C18)*100 -> 0.60491194 | F18: 5361.5808 | G18: 5192.1195 | H18: =((G18-F18)/F18)*100 -> -3.1606595 | J18: ล้านบาท | K18: 6849.0454 | L18: 5764.1399 | M18: =((L18-K18)/K18)*100 -> -15.840244 | N18: 7113.9868 | O18: 5764.1399 | P18: =((O18-N18)/N18)*100 -> -18.974548 | R18: ล้านบาท | S18: 6595.988 | T18: 7113.9868 | U18: =((T18-S18)/S18)*100 -> 7.8532396 | V18: 5629.15 | W18: 7113.9868 | X18: =((W18-V18)/V18)*100 -> 26.377637 | Z18: ล้านบาท | AA18: 5798.69 | AB18: 5629.15 | AC18: =((AB18-AA18)/AA18)*100 -> -2.9237638 | AD18: 32756.807 | AE18: 5629.15 | AF18: =((AE18-AD18)/AD18)*100 -> -82.815327 | AH18: ล้านบาท | AI18: 5968.19 | AJ18: 32756.807 | AK18: =((AJ18-AI18)/AI18)*100 -> 448.85663 | AL18: 7121.84 | AM18: 32756.807 | AN18: =((AM18-AL18)/AL18)*100 -> 359.94865 | AP18: ล้านบาท | AQ18: 6939.76 | AR18: 7121.84 | AS18: =((AR18-AQ18)/AQ18)*100 -> 2.6237219 | AT18: 6673.09 | AU18: 7121.84 | AV18: =((AU18-AT18)/AT18)*100 -> 6.7247707 | AX18: ล้านบาท | AY18: 5886.98 | AZ18: 6673.09 | BA18: =((AZ18-AY18)/AY18)*100 -> 13.353366 | BB18: 5329.61 | BC18: 6673.09 | BD18: =((BC18-BB18)/BB18)*100 -> 25.207848 | BF18: ล้านบาท | BG18: 5346.67 | BH18: 5329.61 | BI18: =((BH18-BG18)/BG18)*100 -> -0.31907711 | BJ18: 4777.31 | BK18: 5329.61 | BL18: =((BK18-BJ18)/BJ18)*100 -> 11.560899 | BO18: ล้านบาท | BP18: 4330.19 | BQ18: 4777.31 | BR18: =((BQ18-BP18)/BP18)*100 -> 10.325644 | BS18: 4596.39 | BT18: 4777.31 | BU18: =((BT18-BS18)/BS18)*100 -> 3.9361325 | BX18: ล้านบาท | BY18: ='พ.ย. '!CK18 -> #REF! | BZ18: =#REF! -> #REF! | CA18: =((BZ18-BY18)/BY18)*100 -> #REF! | CB18: =#REF! -> #REF! | CC18: =BZ18 -> #REF! | CD18: =((CC18-CB18)/CB18)*100 -> #REF! | CG18: ล้านบาท | CH18: 3581.27 | CI18: 4400.15 | CJ18: =((CI18-CH18)/CH18)*100 -> 22.865631 | CK18: 4839.41 | CL18: 4400.15 | CM18: =((CL18-CK18)/CK18)*100 -> -9.0767263 | CP18: ล้านบาท | CQ18: 4758.21 | CR18: 4839.41 | CS18: =((CR18-CQ18)/CQ18)*100 -> 1.7065241 | CT18: 2912.95 | CU18: 4839.41 | CV18: =((CU18-CT18)/CT18)*100 -> 66.134331 | CY18: ล้านบาท | CZ18: 2594.46 | DA18: 2912.95 | DB18: =((DA18-CZ18)/CZ18)*100 -> 12.275772 | DC18: 1614.05 | DD18: 2912.95 | DE18: =((DD18-DC18)/DC18)*100 -> 80.474583 | DH18: ล้านบาท | DI18: 336.21 | DJ18: 1614.05 | DK18: =((DJ18-DI18)/DI18)*100 -> 380.07198 | DL18: 2611.31 | DM18: 1614.05 | DN18: =((DM18-DL18)/DL18)*100 -> -38.190027 | DQ18: ล้านบาท | DR18: 2554.63 | DS18: 2611.31 | DT18: =((DS18-DR18)/DR18)*100 -> 2.2187166 | DU18: 1847.88 | DV18: 2611.31 | DW18: =((DV18-DU18)/DU18)*100 -> 41.31383 | DZ18: ล้านบาท | EA18: 1817.36 | EB18: 1847.88 | EC18: =((EB18-EA18)/EA18)*100 -> 1.6793591 | ED18: 2877.11 | EE18: 1847.88 | EF18: =((EE18-ED18)/ED18)*100 -> -35.77305 | EI18: ล้านบาท | EJ18: 2763.42 | EK18: 2877.11 | EL18: =((EK18-EJ18)/EJ18)*100 -> 4.114105 | EM18: 2291.58 | EN18: 2877.11 | EO18: =((EN18-EM18)/EM18)*100 -> 25.551366 | ER18: ล้านบาท | ES18: 2452.01 | ET18: 2291.58 | EU18: =(ET18-ES18)/ES18*100 -> -6.5427955 | EV18: 1984.62 | EW18: 2291.58 | EX18: =(EW18-EV18)/EV18*100 -> 15.466941
C20: รถยนต์ ธ.ค. 68 | K20: รถยนต์ ธ.ค. 66 | S20: รถยนต์ ธ.ค. 65 | AA20: รถยนต์ ธ.ค. 64 | AI20: รถยนต์ ธ.ค. 63 | AQ20: รถยนต์ ธ.ค. 62 | AY20: รถยนต์ ธ.ค. 61 | BG20: รถยนต์ ธ.ค. 60 | BP20: รถยนต์ ธ.ค. 59 | BY20: รถยนต์ ธ.ค. 58 | CH20: รถยนต์ ธ.ค. 57 | CQ20: รถยนต์ ธค 56 | CZ20: รถยนต์ ธค 55 | DI20: รถยนต์ ธค 54 | DR20: รถยนต์ ธค 53 | EA20: รถยนต์ ธค 52 | EJ20: รถยนต์ ธค 51 | ES20: รถยนต์ ธค 50
C21: พ.ย. 68 | D21: ธ.ค. 68 | E21: ร้อยละ | F21: ธ.ค. 67 | G21: ธ.ค. 68 | H21: ร้อยละ | K21: พ.ย. 66 | L21: ธ.ค. 66 | M21: ร้อยละ | N21: ธ.ค. 65 | O21: ธ.ค. 66 | P21: ร้อยละ | S21: พ.ย. 65 | T21: ธ.ค. 65 | U21: ร้อยละ | V21: ธ.ค. 64 | W21: ธ.ค. 65 | X21: ร้อยละ | AA21: พ.ย. 64 | AB21: ธ.ค. 64 | AC21: ร้อยละ | AD21: ธ.ค. 63 | AE21: ธ.ค. 64 | AF21: ร้อยละ | AI21: พ.ย. 63 | AJ21: ธ.ค. 63 | AK21: ร้อยละ | AL21: ธ.ค. 62 | AM21: ธ.ค. 63 | AN21: ร้อยละ | AQ21: 22951 | AR21: 22981 | AS21: ร้อยละ | AT21: 22616 | AU21: 22981 | AV21: ร้อยละ | AY21: พ.ย. 61 | AZ21: ธ.ค. 61 | BA21: ร้อยละ | BB21: ธ.ค. 60 | BC21: ธ.ค. 61 | BD21: ร้อยละ | BG21: พ.ย. 60 | BH21: ธ.ค. 60 | BI21: ร้อยละ | BJ21: ธ.ค. 59 | BK21: ธ.ค. 60 | BL21: ร้อยละ | BP21: พ.ย. 59 | BQ21: ธ.ค. 59 | BR21: ร้อยละ | BS21: ธ.ค. 58 | BT21: ธ.ค. 59 | BU21: ร้อยละ | BY21: =BY2 -> พย 58 | BZ21: =BZ2 -> ธค 58 | CA21: =CA2 -> ร้อยละ | CB21: =CB2 -> ธค 57 | CC21: =CC2 -> ธค 58 | CD21: =CD2 -> ร้อยละ | CH21: พย 57 | CI21: ธค 57 | CJ21: ร้อยละ | CK21: ธค 56 | CL21: ธค 57 | CM21: ร้อยละ | CQ21: พย 56 | CR21: ธค 56 | CS21: ร้อยละ | CT21: ธค 55 | CU21: ธค 56 | CV21: ร้อยละ | CZ21: พย 55 | DA21: ธค 55 | DB21: ร้อยละ | DC21: ธค 54 | DD21: ธค 55 | DE21: ร้อยละ | DI21: พย 54 | DJ21: ธค 54 | DK21: ร้อยละ | DL21: พย 53 | DM21: ธค 54 | DN21: ร้อยละ | DR21: พย 53 | DS21: ธค 53 | DT21: ร้อยละ | DU21: ธค 52 | DV21: ธค 53 | DW21: ร้อยละ | EA21: พย 52 | EB21: ธค 52 | EC21: ร้อยละ | ED21: ธค 51 | EE21: ธค 52 | EF21: ร้อยละ | EJ21: 18933 | EK21: 18963 | EL21: ร้อยละ | EM21: ธค 50 | EN21: ธค 51 | EO21: ร้อยละ | ES21: 18568 | ET21: 18598 | EU21: ร้อยละ | EV21: 18233 | EW21: 18598 | EX21: ร้อยละ
A22: ผลิต | C22: 130222 | D22: 113855 | E22: =((D22-C22)/C22)*100 -> -12.568537 | F22: 104878 | G22: 113855 | H22: =((G22-F22)/F22)*100 -> 8.5594691 | I22: ผลิต | K22: 163337 | L22: 133621 | M22: =((L22-K22)/K22)*100 -> -18.193061 | N22: 158606 | O22: 133621 | P22: =((O22-N22)/N22)*100 -> -15.752872 | Q22: ผลิต | S22: 190155 | T22: 158606 | U22: =((T22-S22)/S22)*100 -> -16.591202 | V22: 154368 | W22: 158606 | X22: =((W22-V22)/V22)*100 -> 2.7453876 | Y22: ผลิต | AA22: 165353 | AB22: 154368 | AC22: =((AB22-AA22)/AA22)*100 -> -6.643363 | AD22: 143073 | AE22: 154368 | AF22: =((AE22-AD22)/AD22)*100 -> 7.8945713 | AG22: ผลิต | AI22: 172455 | AJ22: 143073 | AK22: =((AJ22-AI22)/AI22)*100 -> -17.037488 | AL22: 134208 | AM22: 143073 | AN22: =((AM22-AL22)/AL22)*100 -> 6.6054185 | AO22: ผลิต | AQ22: 154088 | AR22: 134208 | AS22: =((AR22-AQ22)/AQ22)*100 -> -12.901718 | AT22: 169355 | AU22: 134208 | AV22: =((AU22-AT22)/AT22)*100 -> -20.753447 | AW22: ผลิต | AY22: 197020 | AZ22: 169355 | BA22: =((AZ22-AY22)/AY22)*100 -> -14.041722 | BB22: 157207 | BC22: 169355 | BD22: =((BC22-BB22)/BB22)*100 -> 7.7273913 | BE22: ผลิต | BG22: 190385 | BH22: 157207 | BI22: =((BH22-BG22)/BG22)*100 -> -17.426793 | BJ22: 135792 | BK22: 157207 | BL22: =((BK22-BJ22)/BJ22)*100 -> 15.770443 | BN22: ผลิต | BP22: 170784 | BQ22: 135792 | BR22: =((BQ22-BP22)/BP22)*100 -> -20.489039 | BS22: 152692 | BT22: 135792 | BU22: =((BT22-BS22)/BS22)*100 -> -11.068032 | BW22: ผลิต | BY22: ='พ.ย. '!CK22 -> #REF! | BZ22: =CC22 -> #REF! | CA22: =((BZ22-BY22)/BY22)*100 -> #REF! | CB22: =CI22 -> 153669 | CC22: =#REF! -> #REF! | CD22: =((CC22-CB22)/CB22)*100 -> #REF! | CF22: ผลิต | CH22: 158038 | CI22: 153669 | CJ22: =((CI22-CH22)/CH22)*100 -> -2.764525 | CK22: =SUM(CK23:CK25) -> 158893 | CL22: 153669 | CM22: =((CL22-CK22)/CK22)*100 -> -3.2877471 | CO22: ผลิต | CQ22: 182818 | CR22: 158893 | CS22: =((CR22-CQ22)/CQ22)*100 -> -13.086786 | CT22: 221353 | CU22: 158893 | CV22: =((CU22-CT22)/CT22)*100 -> -28.217372 | CX22: ผลิต | CZ22: =SUM(CZ23:CZ25) -> 256581 | DA22: =SUM(DA23:DA25) -> 221353 | DB22: =((DA22-CZ22)/CZ22)*100 -> -13.729777 | DC22: =SUM(DC23:DC25) -> 99426 | DD22: =SUM(DD23:DD25) -> 221353 | DE22: =((DD22-DC22)/DC22)*100 -> 122.6309 | DG22: ผลิต | DI22: =SUM(DI23:DI25) -> 23695 | DJ22: =SUM(DJ23:DJ25) -> 99426 | DK22: =((DJ22-DI22)/DI22)*100 -> 319.60751 | DL22: 137403 | DM22: =SUM(DM23:DM25) -> 96426 | DN22: =((DM22-DL22)/DL22)*100 -> -29.822493 | DP22: ผลิต | DR22: =SUM(DR23:DR25) -> 157982 | DS22: =SUM(DS23:DS25) -> 137403 | DT22: =((DS22-DR22)/DR22)*100 -> -13.026168 | DU22: 111722 | DV22: =SUM(DV23:DV25) -> 137403 | DW22: =((DV22-DU22)/DU22)*100 -> 22.98652 | DY22: ผลิต | EA22: =SUM(EA23:EA25) -> 120985 | EB22: =SUM(EB23:EB25) -> 111722 | EC22: =((EB22-EA22)/EA22)*100 -> -7.656321 | ED22: 84602 | EE22: 111722 | EF22: =((EE22-ED22)/ED22)*100 -> 32.05598 | EH22: ผลิต | EJ22: =SUM(EJ23:EJ25) -> 116041 | EK22: 84602 | EL22: =((EK22-EJ22)/EJ22)*100 -> -27.09301 | EM22: =SUM(EM23:EM25) -> 105024 | EN22: =SUM(EN23:EN25) -> 84602 | EO22: =((EN22-EM22)/EM22)*100 -> -19.445079 | EQ22: ผลิต | ES22: =SUM(ES23:ES25) -> 125071 | ET22: =SUM(ET23:ET25) -> 105024 | EU22: =(ET22-ES22)/ES22*100 -> -16.028496 | EV22: =SUM(EV23:EV25) -> 91751 | EW22: =SUM(EW23:EW25) -> 105024 | EX22: =(EW22-EV22)/EV22*100 -> 14.466327
B23: รถยนต์นั่ง | C23: 52006 | D23: 45087 | E23: =((D23-C23)/C23)*100 -> -13.304234 | F23: 37893 | G23: 45087 | H23: =((G23-F23)/F23)*100 -> 18.985037 | J23: รถยนต์นั่ง | K23: 59532 | L23: 49422 | M23: =((L23-K23)/K23)*100 -> -16.982463 | N23: 53731 | O23: 49422 | P23: =((O23-N23)/N23)*100 -> -8.019579 | R23: รถยนต์นั่ง | S23: 69060 | T23: 53731 | U23: =((T23-S23)/S23)*100 -> -22.196641 | V23: 49868 | W23: 53731 | X23: =((W23-V23)/V23)*100 -> 7.7464506 | Z23: รถยนต์นั่ง | AA23: 55572 | AB23: 49868 | AC23: =((AB23-AA23)/AA23)*100 -> -10.264162 | AD23: 53737 | AE23: 49868 | AF23: =((AE23-AD23)/AD23)*100 -> -7.1998809 | AH23: รถยนต์นั่ง | AI23: 65740 | AJ23: 53737 | AK23: =((AJ23-AI23)/AI23)*100 -> -18.25829 | AL23: 51379 | AM23: 53737 | AN23: =((AM23-AL23)/AL23)*100 -> 4.5894237 | AP23: รถยนต์นั่ง | AQ23: 60077 | AR23: 51379 | AS23: =((AR23-AQ23)/AQ23)*100 -> -14.478086 | AT23: 66484 | AU23: 51379 | AV23: =((AU23-AT23)/AT23)*100 -> -22.719752 | AX23: รถยนต์นั่ง | AY23: 77899 | AZ23: 66484 | BA23: =((AZ23-AY23)/AY23)*100 -> -14.65359 | BB23: 64307 | BC23: 66484 | BD23: =((BC23-BB23)/BB23)*100 -> 3.3853235 | BF23: รถยนต์นั่ง | BG23: 78928 | BH23: 64307 | BI23: =((BH23-BG23)/BG23)*100 -> -18.524478 | BJ23: 55918 | BK23: 64307 | BL23: =((BK23-BJ23)/BJ23)*100 -> 15.002325 | BO23: รถยนต์นั่ง | BP23: 68731 | BQ23: 55918 | BR23: =((BQ23-BP23)/BP23)*100 -> -18.642243 | BS23: 56735 | BT23: 55918 | BU23: =((BT23-BS23)/BS23)*100 -> -1.4400282 | BX23: รถยนต์นั่ง | BY23: ='พ.ย. '!CK23 -> #REF! | BZ23: =CC23 -> #REF! | CA23: =((BZ23-BY23)/BY23)*100 -> #REF! | CB23: =CI23 -> 63533 | CC23: =#REF! -> #REF! | CD23: =((CC23-CB23)/CB23)*100 -> #REF! | CG23: รถยนต์นั่ง | CH23: 64869 | CI23: 63533 | CJ23: =((CI23-CH23)/CH23)*100 -> -2.0595354 | CK23: 64717 | CL23: 63533 | CM23: =((CL23-CK23)/CK23)*100 -> -1.8295038 | CP23: รถยนต์นั่ง | CQ23: 75669 | CR23: 64717 | CS23: =((CR23-CQ23)/CQ23)*100 -> -14.473562 | CT23: 97713 | CU23: 64717 | CV23: =((CU23-CT23)/CT23)*100 -> -33.768281 | CY23: รถยนต์นั่ง | CZ23: 112423 | DA23: 97713 | DB23: =((DA23-CZ23)/CZ23)*100 -> -13.084511 | DC23: 34036 | DD23: 97713 | DE23: =((DD23-DC23)/DC23)*100 -> 187.0872 | DH23: รถยนต์นั่ง | DI23: 10094 | DJ23: 34036 | DK23: =((DJ23-DI23)/DI23)*100 -> 237.19041 | DL23: 50580 | DM23: 31036 | DN23: =((DM23-DL23)/DL23)*100 -> -38.639779 | DQ23: รถยนต์นั่ง | DR23: 57536 | DS23: 50580 | DT23: =((DS23-DR23)/DR23)*100 -> -12.089822 | DU23: 33635 | DV23: 50580 | DW23: =((DV23-DU23)/DU23)*100 -> 50.379069 | DZ23: รถยนต์นั่ง | EA23: 36534 | EB23: 33635 | EC23: =((EB23-EA23)/EA23)*100 -> -7.9350742 | ED23: 24693 | EE23: 33635 | EF23: =((EE23-ED23)/ED23)*100 -> 36.212692 | EI23: รถยนต์นั่ง | EJ23: 33975 | EK23: 24693 | EL23: =((EK23-EJ23)/EJ23)*100 -> -27.320088 | EM23: 24861 | EN23: 24693 | EO23: =((EN23-EM23)/EM23)*100 -> -0.67575721 | ER23: รถยนต์นั่ง | ES23: 28618 | ET23: 24861 | EU23: =(ET23-ES23)/ES23*100 -> -13.128101 | EV23: 22626 | EW23: 24861 | EX23: =(EW23-EV23)/EV23*100 -> 9.8780164
B24: กระบะ 1 ตัน | C24: 76022 | D24: 66475 | E24: =((D24-C24)/C24)*100 -> -12.558207 | F24: 65168 | G24: 66475 | H24: =((G24-F24)/F24)*100 -> 2.0055856 | J24: กระบะ 1 ตัน | K24: 99234 | L24: 80489 | M24: =((L24-K24)/K24)*100 -> -18.889695 | N24: 102362 | O24: 80489 | P24: =((O24-N24)/N24)*100 -> -21.368281 | R24: กระบะ 1 ตัน | S24: 116794 | T24: 102362 | U24: =((T24-S24)/S24)*100 -> -12.356799 | V24: 100662 | W24: 102362 | X24: =((W24-V24)/V24)*100 -> 1.68882 | Z24: กระบะ 1 ตัน | AA24: 105197 | AB24: 100662 | AC24: =((AB24-AA24)/AA24)*100 -> -4.3109594 | AD24: 86423 | AE24: 100662 | AF24: =((AE24-AD24)/AD24)*100 -> 16.475938 | AH24: กระบะ 1 ตัน | AI24: 103153 | AJ24: 86423 | AK24: =((AJ24-AI24)/AI24)*100 -> -16.218627 | AL24: 80032 | AM24: 86423 | AN24: =((AM24-AL24)/AL24)*100 -> 7.9855558 | AP24: กระบะ 1 ตัน | AQ24: 90761 | AR24: 80032 | AS24: =((AR24-AQ24)/AQ24)*100 -> -11.821157 | AT24: 99295 | AU24: 80032 | AV24: =((AU24-AT24)/AT24)*100 -> -19.399768 | AX24: กระบะ 1 ตัน | AY24: 115545 | AZ24: 99295 | BA24: =((AZ24-AY24)/AY24)*100 -> -14.063785 | BB24: 89828 | BC24: 99295 | BD24: =((BC24-BB24)/BB24)*100 -> 10.53903 | BF24: กระบะ 1 ตัน | BG24: 107608 | BH24: 89828 | BI24: =((BH24-BG24)/BG24)*100 -> -16.522935 | BJ24: 76619 | BK24: 89828 | BL24: =((BK24-BJ24)/BJ24)*100 -> 17.239849 | BO24: กระบะ 1 ตัน | BP24: 98274 | BQ24: 76619 | BR24: =((BQ24-BP24)/BP24)*100 -> -22.03533 | BS24: 93444 | BT24: 76619 | BU24: =((BT24-BS24)/BS24)*100 -> -18.005436 | BX24: กระบะ 1 ตัน | BY24: ='พ.ย. '!CK24 -> #REF! | BZ24: =CC24 -> #REF! | CA24: =((BZ24-BY24)/BY24)*100 -> #REF! | CB24: =CI24 -> 87343 | CC24: =#REF! -> #REF! | CD24: =((CC24-CB24)/CB24)*100 -> #REF! | CG24: กระบะ 1 ตัน | CH24: 90221 | CI24: 87343 | CJ24: =((CI24-CH24)/CH24)*100 -> -3.1899447 | CK24: =8533+34408+48796 -> 91737 | CL24: 87343 | CM24: =((CL24-CK24)/CK24)*100 -> -4.7897795 | CP24: กระบะ 1 ตัน | CQ24: 103847 | CR24: 91737 | CS24: =((CR24-CQ24)/CQ24)*100 -> -11.661386 | CT24: 119319 | CU24: 91737 | CV24: =((CU24-CT24)/CT24)*100 -> -23.116184 | CY24: กระบะ 1 ตัน | CZ24: 139536 | DA24: 119319 | DB24: =((DA24-CZ24)/CZ24)*100 -> -14.488734 | DC24: 63170 | DD24: 119319 | DE24: =((DD24-DC24)/DC24)*100 -> 88.885547 | DH24: กระบะ 1 ตัน | DI24: 12574 | DJ24: 63170 | DK24: =((DJ24-DI24)/DI24)*100 -> 402.38588 | DL24: 84535 | DM24: 63170 | DN24: =((DM24-DL24)/DL24)*100 -> -25.273555 | DQ24: กระบะ 1 ตัน | DR24: 97608 | DS24: 84535 | DT24: =((DS24-DR24)/DR24)*100 -> -13.393369 | DU24: 76473 | DV24: 84535 | DW24: =((DV24-DU24)/DU24)*100 -> 10.542283 | DZ24: กระบะ 1 ตัน | EA24: 82741 | EB24: 76473 | EC24: =((EB24-EA24)/EA24)*100 -> -7.5754463 | ED24: 58841 | EE24: 76473 | EF24: =((EE24-ED24)/ED24)*100 -> 29.9655 | EI24: กระบะ 1 ตัน | EJ24: 80750 | EK24: 58841 | EL24: =((EK24-EJ24)/EJ24)*100 -> -27.131889 | EM24: 78268 | EN24: 58841 | EO24: =((EN24-EM24)/EM24)*100 -> -24.821127 | ER24: กระบะ 1 ตัน | ES24: 94309 | ET24: 78268 | EU24: =(ET24-ES24)/ES24*100 -> -17.008981 | EV24: 67555 | EW24: 78268 | EX24: =(EW24-EV24)/EV24*100 -> 15.85819
B25: รถยนต์พาณิชย์ | C25: =C22-C23-C24 -> 2194 | D25: 2293 | E25: =((D25-C25)/C25)*100 -> 4.5123063 | F25: 1817 | G25: 2293 | H25: =((G25-F25)/F25)*100 -> 26.197028 | J25: รถยนต์พาณิชย์ | K25: 4571 | L25: 3710 | M25: =((L25-K25)/K25)*100 -> -18.836141 | N25: 2513 | O25: 3710 | P25: =((O25-N25)/N25)*100 -> 47.632312 | R25: รถยนต์พาณิชย์ | S25: 4301 | T25: 2513 | U25: =((T25-S25)/S25)*100 -> -41.571728 | V25: 3838 | W25: 2513 | X25: =((W25-V25)/V25)*100 -> -34.523189 | Z25: รถยนต์พาณิชย์ | AA25: 4584 | AB25: 3838 | AC25: =((AB25-AA25)/AA25)*100 -> -16.273997 | AD25: 2913 | AE25: 3838 | AF25: =((AE25-AD25)/AD25)*100 -> 31.754205 | AH25: รถยนต์พาณิชย์ | AI25: 3562 | AJ25: 2913 | AK25: =((AJ25-AI25)/AI25)*100 -> -18.220101 | AL25: 2797 | AM25: 2913 | AN25: =((AM25-AL25)/AL25)*100 -> 4.1473007 | AP25: รถยนต์พาณิชย์ | AQ25: 3250 | AR25: 2797 | AS25: =((AR25-AQ25)/AQ25)*100 -> -13.938462 | AT25: 3576 | AU25: 2797 | AV25: =((AU25-AT25)/AT25)*100 -> -21.784116 | AX25: รถยนต์พาณิชย์ | AY25: 3576 | AZ25: 3576 | BA25: =((AZ25-AY25)/AY25)*100 -> 0 | BB25: 3072 | BC25: 3576 | BD25: =((BC25-BB25)/BB25)*100 -> 16.40625 | BF25: รถยนต์พาณิชย์ | BG25: 3849 | BH25: 3072 | BI25: =((BH25-BG25)/BG25)*100 -> -20.187062 | BJ25: 3255 | BK25: 3072 | BL25: =((BK25-BJ25)/BJ25)*100 -> -5.6221198 | BO25: รถยนต์พาณิชย์ | BP25: 3779 | BQ25: 3255 | BR25: =((BQ25-BP25)/BP25)*100 -> -13.866102 | BS25: 2513 | BT25: 3255 | BU25: =((BT25-BS25)/BS25)*100 -> 29.526462 | BX25: รถยนต์พาณิชย์ | BY25: ='พ.ย. '!CK25 -> #REF! | BZ25: =CC25 -> #REF! | CA25: =((BZ25-BY25)/BY25)*100 -> #REF! | CB25: =CI25 -> 2793 | CC25: =#REF! -> #REF! | CD25: =((CC25-CB25)/CB25)*100 -> #REF! | CG25: รถยนต์พาณิชย์ | CH25: 2948 | CI25: 2793 | CJ25: =((CI25-CH25)/CH25)*100 -> -5.2578019 | CK25: =54+437+122+1826 -> 2439 | CL25: 2793 | CM25: =((CL25-CK25)/CK25)*100 -> 14.514145 | CP25: รถยนต์พาณิชย์ | CQ25: 3302 | CR25: 2439 | CS25: =((CR25-CQ25)/CQ25)*100 -> -26.135675 | CT25: 4321 | CU25: 2439 | CV25: =((CU25-CT25)/CT25)*100 -> -43.554733 | CY25: รถยนต์พาณิชย์ | CZ25: 4622 | DA25: 4321 | DB25: =((DA25-CZ25)/CZ25)*100 -> -6.5123323 | DC25: 2220 | DD25: 4321 | DE25: =((DD25-DC25)/DC25)*100 -> 94.63964 | DH25: รถยนต์พาณิชย์ | DI25: 1027 | DJ25: 2220 | DK25: =((DJ25-DI25)/DI25)*100 -> 116.16358 | DL25: 2288 | DM25: 2220 | DN25: =((DM25-DL25)/DL25)*100 -> -2.972028 | DQ25: รถยนต์พาณิชย์ | DR25: 2838 | DS25: 2288 | DT25: =((DS25-DR25)/DR25)*100 -> -19.379845 | DU25: 1614 | DV25: 2288 | DW25: =((DV25-DU25)/DU25)*100 -> 41.759603 | DZ25: รถยนต์พาณิชย์ | EA25: 1710 | EB25: 1614 | EC25: =((EB25-EA25)/EA25)*100 -> -5.6140351 | ED25: 1068 | EE25: 1614 | EF25: =((EE25-ED25)/ED25)*100 -> 51.123596 | EI25: รถยนต์พาณิชย์ | EJ25: 1316 | EK25: 1068 | EL25: =((EK25-EJ25)/EJ25)*100 -> -18.844985 | EM25: 1895 | EN25: 1068 | EO25: =((EN25-EM25)/EM25)*100 -> -43.641161 | ER25: รถยนต์พาณิชย์ | ES25: 2144 | ET25: 1895 | EU25: =(ET25-ES25)/ES25*100 -> -11.613806 | EV25: 1570 | EW25: 1895 | EX25: =(EW25-EV25)/EV25*100 -> 20.700637
A26: จำหน่าย | C26: 51044 | D26: 75121 | E26: =((D26-C26)/C26)*100 -> 47.169109 | F26: 54016 | G26: 75121 | H26: =((G26-F26)/F26)*100 -> 39.071757 | I26: จำหน่าย | K26: 61621 | L26: 68326 | M26: =((L26-K26)/K26)*100 -> 10.881031 | N26: =82799 -> 82799 | O26: 68326 | P26: =((O26-N26)/N26)*100 -> -17.47968 | Q26: จำหน่าย | S26: 68284 | T26: 82799 | U26: =((T26-S26)/S26)*100 -> 21.25681 | V26: =86145+2044+2223+306+287 -> 91005 | W26: =82799 -> 82799 | X26: =((W26-V26)/V26)*100 -> -9.017087 | Y26: จำหน่าย | AA26: 71716 | AB26: 86145 | AC26: =((AB26-AA26)/AA26)*100 -> 20.119639 | AD26: 104089 | AE26: 86145 | AF26: =((AE26-AD26)/AD26)*100 -> -17.239093 | AG26: จำหน่าย | AI26: 79177 | AJ26: 104089 | AK26: =((AJ26-AI26)/AI26)*100 -> 31.463683 | AL26: 89285 | AM26: 104089 | AN26: =((AM26-AL26)/AL26)*100 -> 16.580613 | AO26: จำหน่าย | AQ26: 79299 | AR26: 89285 | AS26: =((AR26-AQ26)/AQ26)*100 -> 12.592845 | AT26: 113581 | AU26: 89285 | AV26: =((AU26-AT26)/AT26)*100 -> -21.390902 | AW26: จำหน่าย | AY26: 94643 | AZ26: 113581 | BA26: =((AZ26-AY26)/AY26)*100 -> 20.009932 | BB26: 104302 | BC26: 113581 | BD26: =((BC26-BB26)/BB26)*100 -> 8.896282 | BE26: จำหน่าย | BG26: 78082 | BH26: 104302 | BI26: =((BH26-BG26)/BG26)*100 -> 33.580082 | BJ26: 86858 | BK26: 104302 | BL26: =((BK26-BJ26)/BJ26)*100 -> 20.083354 | BN26: จำหน่าย | BP26: 64771 | BQ26: 86858 | BR26: =((BQ26-BP26)/BP26)*100 -> 34.100137 | BS26: 101464 | BT26: 86858 | BU26: =((BT26-BS26)/BS26)*100 -> -14.395253 | BW26: จำหน่าย | BY26: ='พ.ย. '!CK26 -> #REF! | BZ26: =#REF! -> #REF! | CA26: =((BZ26-BY26)/BY26)*100 -> #REF! | CB26: =CI26 -> 89504 | CC26: =#REF! -> #REF! | CD26: =((CC26-CB26)/CB26)*100 -> #REF! | CF26: จำหน่าย | CH26: =CH27+CH28+CH29+CH30 -> 73068 | CI26: =CI27+CI28+CI29+CI30 -> 89504 | CJ26: =((CI26-CH26)/CH26)*100 -> 22.494115 | CK26: 113921 | CL26: =CL27+CL28+CL29+CL30 -> 89504 | CM26: =((CL26-CK26)/CK26)*100 -> -21.433274 | CO26: จำหน่าย | CQ26: 93483 | CR26: 113921 | CS26: =((CR26-CQ26)/CQ26)*100 -> 21.862799 | CT26: 144676 | CU26: 113921 | CV26: =((CU26-CT26)/CT26)*100 -> -21.257845 | CX26: จำหน่าย | CZ26: =SUM(CZ27:CZ30) -> 148243 | DA26: =SUM(DA27:DA30) -> 144676 | DB26: =((DA26-CZ26)/CZ26)*100 -> -2.4061844 | DC26: =SUM(DC27:DC30) -> 54575 | DD26: =SUM(DD27:DD30) -> 144676 | DE26: =((DD26-DC26)/DC26)*100 -> 165.09574 | DG26: จำหน่าย | DI26: =SUM(DI27:DI30) -> 25664 | DJ26: =SUM(DJ27:DJ30) -> 54575 | DK26: =((DJ26-DI26)/DI26)*100 -> 112.65196 | DL26: 93122 | DM26: =SUM(DM27:DM30) -> 54575 | DN26: =((DM26-DL26)/DL26)*100 -> -41.394085 | DP26: จำหน่าย | DR26: 78874 | DS26: =SUM(DS27:DS30) -> 93122 | DT26: =((DS26-DR26)/DR26)*100 -> 18.064254 | DU26: 72085 | DV26: =SUM(DV27:DV30) -> 93122 | DW26: =((DV26-DU26)/DU26)*100 -> 29.183603 | DY26: จำหน่าย | EA26: =SUM(EA27:EA30) -> 57031 | EB26: =SUM(EB27:EB30) -> 72085 | EC26: =((EB26-EA26)/EA26)*100 -> 26.396171 | ED26: 59002 | EE26: 72085 | EF26: =((EE26-ED26)/ED26)*100 -> 22.173825 | EH26: จำหน่าย | EJ26: =SUM(EJ27:EJ30) -> 46068 | EK26: 59002 | EL26: =((EK26-EJ26)/EJ26)*100 -> 28.075888 | EM26: =SUM(EM27:EM30) -> 64346 | EN26: =SUM(EN27:EN30) -> 59002 | EO26: =((EN26-EM26)/EM26)*100 -> -8.3051006 | EQ26: จำหน่าย | ES26: =SUM(ES27:ES30) -> 57719 | ET26: =SUM(ET27:ET30) -> 64346 | EU26: =(ET26-ES26)/ES26*100 -> 11.481488 | EV26: =SUM(EV27:EV30) -> 84521 | EW26: =SUM(EW27:EW30) -> 64346 | EX26: =(EW26-EV26)/EV26*100 -> -23.869808
B27: รถยนต์นั่ง | C27: =C26-C28-C29-C30 -> 19240 | D27: 25167 | E27: =((D27-C27)/C27)*100 -> 30.805613 | F27: 20727 | G27: 25167 | H27: =((G27-F27)/F27)*100 -> 21.421334 | J27: รถยนต์นั่ง | K27: 24567 | L27: 26141 | M27: =((L27-K27)/K27)*100 -> 6.4069687 | N27: 24698 | O27: 26141 | P27: =((O27-N27)/N27)*100 -> 5.8425783 | R27: รถยนต์นั่ง | S27: 20263 | T27: 24698 | U27: =((T27-S27)/S27)*100 -> 21.887184 | V27: 27052 | W27: 24698 | X27: =((W27-V27)/V27)*100 -> -8.7017596 | Z27: รถยนต์นั่ง | AA27: 23793 | AB27: 27052 | AC27: =((AB27-AA27)/AA27)*100 -> 13.697306 | AD27: 38130 | AE27: 27052 | AF27: =((AE27-AD27)/AD27)*100 -> -29.053239 | AH27: รถยนต์นั่ง | AI27: 25437 | AJ27: 38130 | AK27: =((AJ27-AI27)/AI27)*100 -> 49.899752 | AL27: 32766 | AM27: 38130 | AN27: =((AM27-AL27)/AL27)*100 -> 16.370628 | AP27: รถยนต์นั่ง | AQ27: 29646 | AR27: 32766 | AS27: =((AR27-AQ27)/AQ27)*100 -> 10.524185 | AT27: 40315 | AU27: 32766 | AV27: =((AU27-AT27)/AT27)*100 -> -18.72504 | AX27: รถยนต์นั่ง | AY27: 35446 | AZ27: 40315 | BA27: =((AZ27-AY27)/AY27)*100 -> 13.736388 | BB27: 41449 | BC27: 40315 | BD27: =((BC27-BB27)/BB27)*100 -> -2.7358923 | BF27: รถยนต์นั่ง | BG27: 31435 | BH27: 41449 | BI27: =((BH27-BG27)/BG27)*100 -> 31.856211 | BJ27: 29467 | BK27: 41449 | BL27: =((BK27-BJ27)/BJ27)*100 -> 40.662436 | BO27: รถยนต์นั่ง | BP27: 23306 | BQ27: 29467 | BR27: =((BQ27-BP27)/BP27)*100 -> 26.435253 | BS27: 34842 | BT27: 29467 | BU27: =((BT27-BS27)/BS27)*100 -> -15.426784 | BX27: รถยนต์นั่ง | BY27: ='พ.ย. '!CK27 -> #REF! | BZ27: =#REF! -> #REF! | CA27: =((BZ27-BY27)/BY27)*100 -> #REF! | CB27: =CI27 -> 36738 | CC27: =#REF! -> #REF! | CD27: =((CC27-CB27)/CB27)*100 -> #REF! | CG27: รถยนต์นั่ง | CH27: 29242 | CI27: 36738 | CJ27: =((CI27-CH27)/CH27)*100 -> 25.634362 | CK27: 51056 | CL27: 36738 | CM27: =((CL27-CK27)/CK27)*100 -> -28.043717 | CP27: รถยนต์นั่ง | CQ27: 40439 | CR27: 51056 | CS27: =((CR27-CQ27)/CQ27)*100 -> 26.254358 | CT27: 71240 | CU27: 51056 | CV27: =((CU27-CT27)/CT27)*100 -> -28.332398 | CY27: รถยนต์นั่ง | CZ27: 77743 | DA27: 71240 | DB27: =((DA27-CZ27)/CZ27)*100 -> -8.3647402 | DC27: 25826 | DD27: 71240 | DE27: =((DD27-DC27)/DC27)*100 -> 175.84605 | DH27: รถยนต์นั่ง | DI27: 12746 | DJ27: 25826 | DK27: =((DJ27-DI27)/DI27)*100 -> 102.62043 | DL27: 39015 | DM27: 25826 | DN27: =((DM27-DL27)/DL27)*100 -> -33.804947 | DQ27: รถยนต์นั่ง | DR27: 33594 | DS27: 39015 | DT27: =((DS27-DR27)/DR27)*100 -> 16.13681 | DU27: 30431 | DV27: 39015 | DW27: =((DV27-DU27)/DU27)*100 -> 28.208077 | DZ27: รถยนต์นั่ง | EA27: 24054 | EB27: 30431 | EC27: =((EB27-EA27)/EA27)*100 -> 26.511183 | ED27: 23825 | EE27: 30431 | EF27: =((EE27-ED27)/ED27)*100 -> 27.727177 | EI27: รถยนต์นั่ง | EJ27: 18176 | EK27: 23825 | EL27: =((EK27-EJ27)/EJ27)*100 -> 31.079445 | EM27: 12019 | EN27: 23825 | EO27: =((EN27-EM27)/EM27)*100 -> 98.227806 | ER27: รถยนต์นั่ง | ES27: 13645 | ET27: 12019 | EU27: =(ET27-ES27)/ES27*100 -> -11.916453 | EV27: 21878 | EW27: 12019 | EX27: =(EW27-EV27)/EV27*100 -> -45.063534
B28: กระบะ 1 ตัน | C28: 11580 | D28: 20425 | E28: =((D28-C28)/C28)*100 -> 76.381693 | F28: 14410 | G28: 20425 | H28: =((G28-F28)/F28)*100 -> 41.741846 | J28: กระบะ 1 ตัน | K28: 17853 | L28: 19543 | M28: =((L28-K28)/K28)*100 -> 9.4661962 | N28: 35491 | O28: 19543 | P28: =((O28-N28)/N28)*100 -> -44.935336 | R28: กระบะ 1 ตัน | S28: 29182 | T28: 35491 | U28: =((T28-S28)/S28)*100 -> 21.619491 | V28: 36505 | W28: 35491 | X28: =((W28-V28)/V28)*100 -> -2.7777017 | Z28: กระบะ 1 ตัน | AA28: 33140 | AB28: 36505 | AC28: =((AB28-AA28)/AA28)*100 -> 10.153893 | AD28: 44004 | AE28: 36505 | AF28: =((AE28-AD28)/AD28)*100 -> -17.041633 | AH28: กระบะ 1 ตัน | AI28: 37445 | AJ28: 44004 | AK28: =((AJ28-AI28)/AI28)*100 -> 17.516357 | AL28: 39593 | AM28: 44004 | AN28: =((AM28-AL28)/AL28)*100 -> 11.140858 | AP28: กระบะ 1 ตัน | AQ28: 36251 | AR28: 39593 | AS28: =((AR28-AQ28)/AQ28)*100 -> 9.219056 | AT28: 51528 | AU28: 39593 | AV28: =((AU28-AT28)/AT28)*100 -> -23.162164 | AX28: กระบะ 1 ตัน | AY28: 42778 | AZ28: 51528 | BA28: =((AZ28-AY28)/AY28)*100 -> 20.454439 | BB28: 42556 | BC28: 51528 | BD28: =((BC28-BB28)/BB28)*100 -> 21.082809 | BF28: กระบะ 1 ตัน | BG28: 32693 | BH28: 42556 | BI28: =((BH28-BG28)/BG28)*100 -> 30.168538 | BJ28: 39631 | BK28: 42556 | BL28: =((BK28-BJ28)/BJ28)*100 -> 7.3805859 | BO28: กระบะ 1 ตัน | BP28: 29946 | BQ28: 39631 | BR28: =((BQ28-BP28)/BP28)*100 -> 32.341548 | BS28: 38231 | BT28: 39631 | BU28: =((BT28-BS28)/BS28)*100 -> 3.6619497 | BX28: กระบะ 1 ตัน | BY28: ='พ.ย. '!CK28 -> #REF! | BZ28: =#REF! -> #REF! | CA28: =((BZ28-BY28)/BY28)*100 -> #REF! | CB28: =CI28 -> 37453 | CC28: =#REF! -> #REF! | CD28: =((CC28-CB28)/CB28)*100 -> #REF! | CG28: กระบะ 1 ตัน | CH28: 31436 | CI28: 37453 | CJ28: =((CI28-CH28)/CH28)*100 -> 19.140476 | CK28: 46649 | CL28: 37453 | CM28: =((CL28-CK28)/CK28)*100 -> -19.713177 | CP28: กระบะ 1 ตัน | CQ28: 40666 | CR28: 46649 | CS28: =((CR28-CQ28)/CQ28)*100 -> 14.712536 | CT28: 56097 | CU28: 46649 | CV28: =((CU28-CT28)/CT28)*100 -> -16.842255 | CY28: กระบะ 1 ตัน | CZ28: 53535 | DA28: 56097 | DB28: =((DA28-CZ28)/CZ28)*100 -> 4.7856542 | DC28: 18823 | DD28: 56097 | DE28: =((DD28-DC28)/DC28)*100 -> 198.02369 | DH28: กระบะ 1 ตัน | DI28: 6924 | DJ28: 18823 | DK28: =((DJ28-DI28)/DI28)*100 -> 171.85153 | DL28: 41599 | DM28: 18823 | DN28: =((DM28-DL28)/DL28)*100 -> -54.751316 | DQ28: กระบะ 1 ตัน | DR28: 35011 | DS28: 41599 | DT28: =((DS28-DR28)/DR28)*100 -> 18.816943 | DU28: 31874 | DV28: 41599 | DW28: =((DV28-DU28)/DU28)*100 -> 30.510761 | DZ28: กระบะ 1 ตัน | EA28: 25803 | EB28: 31874 | EC28: =((EB28-EA28)/EA28)*100 -> 23.528272 | ED28: 28620 | EE28: 31874 | EF28: =((EE28-ED28)/ED28)*100 -> 11.369672 | EI28: กระบะ 1 ตัน | EJ28: 22077 | EK28: 28620 | EL28: =((EK28-EJ28)/EJ28)*100 -> 29.637179 | EM28: 44549 | EN28: 28620 | EO28: =((EN28-EM28)/EM28)*100 -> -35.756134 | ER28: กระบะ 1 ตัน | ES28: 36783 | ET28: 44549 | EU28: =(ET28-ES28)/ES28*100 -> 21.113014 | EV28: 55324 | EW28: 44549 | EX28: =(EW28-EV28)/EV28*100 -> -19.476177
B29: รถยนต์พาณิชย์ | C29: 2452 | D29: 2563 | E29: =((D29-C29)/C29)*100 -> 4.5269168 | F29: 2802 | G29: 2563 | H29: =((G29-F29)/F29)*100 -> -8.5296217 | J29: รถยนต์พาณิชย์ | K29: 3730 | L29: 4803 | M29: =((L29-K29)/K29)*100 -> 28.766756 | N29: 4813 | O29: 4803 | P29: =((O29-N29)/N29)*100 -> -0.20777062 | R29: รถยนต์พาณิชย์ | S29: 3836 | T29: 4813 | U29: =((T29-S29)/S29)*100 -> 25.469239 | V29: 5016 | W29: 4813 | X29: =((W29-V29)/V29)*100 -> -4.0470494 | Z29: รถยนต์พาณิชย์ | AA29: 4053 | AB29: 5016 | AC29: =((AB29-AA29)/AA29)*100 -> 23.760178 | AD29: 4528 | AE29: 5016 | AF29: =((AE29-AD29)/AD29)*100 -> 10.777385 | AH29: รถยนต์พาณิชย์ | AI29: 3390 | AJ29: 4528 | AK29: =((AJ29-AI29)/AI29)*100 -> 33.569322 | AL29: 4296 | AM29: 4528 | AN29: =((AM29-AL29)/AL29)*100 -> 5.4003724 | AP29: รถยนต์พาณิชย์ | AQ29: 4166 | AR29: 4296 | AS29: =((AR29-AQ29)/AQ29)*100 -> 3.1204993 | AT29: 5447 | AU29: 4296 | AV29: =((AU29-AT29)/AT29)*100 -> -21.130898 | AX29: รถยนต์พาณิชย์ | AY29: 4353 | AZ29: 5447 | BA29: =((AZ29-AY29)/AY29)*100 -> 25.132093 | BB29: 5093 | BC29: 5447 | BD29: =((BC29-BB29)/BB29)*100 -> 6.9507167 | BF29: รถยนต์พาณิชย์ | BG29: 4184 | BH29: 5093 | BI29: =((BH29-BG29)/BG29)*100 -> 21.725621 | BJ29: 5469 | BK29: 5093 | BL29: =((BK29-BJ29)/BJ29)*100 -> -6.8751143 | BO29: รถยนต์พาณิชย์ | BP29: 4164 | BQ29: 5469 | BR29: =((BQ29-BP29)/BP29)*100 -> 31.340058 | BS29: 5036 | BT29: 5469 | BU29: =((BT29-BS29)/BS29)*100 -> 8.5980937 | BX29: รถยนต์พาณิชย์ | BY29: ='พ.ย. '!CK29 -> #REF! | BZ29: =#REF! -> #REF! | CA29: =((BZ29-BY29)/BY29)*100 -> #REF! | CB29: =CI29 -> 5207 | CC29: =#REF! -> #REF! | CD29: =((CC29-CB29)/CB29)*100 -> #REF! | CG29: รถยนต์พาณิชย์ | CH29: =43826-CH28-CH30 -> 4421 | CI29: =52766-CI28-CI30 -> 5207 | CJ29: =((CI29-CH29)/CH29)*100 -> 17.778783 | CK29: 5383 | CL29: =52766-CL28-CL30 -> 5207 | CM29: =((CL29-CK29)/CK29)*100 -> -3.2695523 | CP29: รถยนต์พาณิชย์ | CQ29: 5064 | CR29: 5383 | CS29: =((CR29-CQ29)/CQ29)*100 -> 6.2993681 | CT29: 7500 | CU29: 5383 | CV29: =((CU29-CT29)/CT29)*100 -> -28.226667 | CY29: รถยนต์พาณิชย์ | CZ29: 7151 | DA29: 7500 | DB29: =((DA29-CZ29)/CZ29)*100 -> 4.8804363 | DC29: 5689 | DD29: 7500 | DE29: =((DD29-DC29)/DC29)*100 -> 31.833363 | DH29: รถยนต์พาณิชย์ | DI29: 3062 | DJ29: 5689 | DK29: =((DJ29-DI29)/DI29)*100 -> 85.793599 | DL29: 5495 | DM29: 5689 | DN29: =((DM29-DL29)/DL29)*100 -> 3.5304823 | DQ29: รถยนต์พาณิชย์ | DR29: 4805 | DS29: 5495 | DT29: =((DS29-DR29)/DR29)*100 -> 14.360042 | DU29: 4344 | DV29: 5495 | DW29: =((DV29-DU29)/DU29)*100 -> 26.496317 | DZ29: รถยนต์พาณิชย์ | EA29: 3513 | EB29: 4344 | EC29: =((EB29-EA29)/EA29)*100 -> 23.654996 | ED29: 2800 | EE29: 4344 | EF29: =((EE29-ED29)/ED29)*100 -> 55.142857 | EI29: รถยนต์พาณิชย์ | EJ29: 2999 | EK29: 2800 | EL29: =((EK29-EJ29)/EJ29)*100 -> -6.6355452 | EM29: 4388 | EN29: 2800 | EO29: =((EN29-EM29)/EM29)*100 -> -36.189608 | ER29: รถยนต์พาณิชย์ | ES29: 4079 | ET29: 4388 | EU29: =(ET29-ES29)/ES29*100 -> 7.5753861 | EV29: 3343 | EW29: 4388 | EX29: =(EW29-EV29)/EV29*100 -> 31.259348
B30: PPV+SUV | C30: =3646+14126 -> 17772 | D30: 26966 | E30: =((D30-C30)/C30)*100 -> 51.733063 | F30: 16072 | G30: 26966 | H30: =((G30-F30)/F30)*100 -> 67.782479 | J30: PPV+SUV | K30: 15471 | L30: 17839 | M30: =((L30-K30)/K30)*100 -> 15.306056 | N30: 17797 | O30: 17839 | P30: =((O30-N30)/N30)*100 -> 0.23599483 | R30: PPV+SUV | S30: 15003 | T30: 17797 | U30: =((T30-S30)/S30)*100 -> 18.622942 | V30: 17572 | W30: 17797 | X30: =((W30-V30)/V30)*100 -> 1.2804462 | Z30: PPV+SUV | AA30: 10730 | AB30: 17572 | AC30: =((AB30-AA30)/AA30)*100 -> 63.765144 | AD30: 17427 | AE30: 17572 | AF30: =((AE30-AD30)/AD30)*100 -> 0.83204223 | AH30: PPV+SUV | AI30: 12905 | AJ30: 17427 | AK30: =((AJ30-AI30)/AI30)*100 -> 35.040682 | AL30: 12630 | AM30: 17427 | AN30: =((AM30-AL30)/AL30)*100 -> 37.980998 | AP30: PPV+SUV | AQ30: 9236 | AR30: 12630 | AS30: =((AR30-AQ30)/AQ30)*100 -> 36.74751 | AT30: 16291 | AU30: 12630 | AV30: =((AU30-AT30)/AT30)*100 -> -22.472531 | AX30: PPV+SUV | AY30: 12066 | AZ30: 16291 | BA30: =((AZ30-AY30)/AY30)*100 -> 35.015747 | BB30: 15204 | BC30: 16291 | BD30: =((BC30-BB30)/BB30)*100 -> 7.1494344 | BF30: PPV+SUV | BG30: 9770 | BH30: 15204 | BI30: =((BH30-BG30)/BG30)*100 -> 55.619243 | BJ30: 12291 | BK30: 15204 | BL30: =((BK30-BJ30)/BJ30)*100 -> 23.700268 | BO30: PPV+SUV | BP30: 7355 | BQ30: 12291 | BR30: =((BQ30-BP30)/BP30)*100 -> 67.110809 | BS30: 23355 | BT30: 12291 | BU30: =((BT30-BS30)/BS30)*100 -> -47.373154 | BX30: PPV+SUV | BY30: ='พ.ย. '!CK30 -> #REF! | BZ30: =#REF! -> #REF! | CA30: =((BZ30-BY30)/BY30)*100 -> #REF! | CB30: =CI30 -> 10106 | CC30: =#REF! -> #REF! | CD30: =((CC30-CB30)/CB30)*100 -> #REF! | CG30: PPV+SUV | CH30: 7969 | CI30: 10106 | CJ30: =((CI30-CH30)/CH30)*100 -> 26.816414 | CK30: 10833 | CL30: 10106 | CM30: =((CL30-CK30)/CK30)*100 -> -6.7109757 | CP30: PPV+SUV | CQ30: 7314 | CR30: 10833 | CS30: =((CR30-CQ30)/CQ30)*100 -> 48.113208 | CT30: 9839 | CU30: 10833 | CV30: =((CU30-CT30)/CT30)*100 -> 10.102653 | CY30: PPV+SUV | CZ30: 9814 | DA30: 9839 | DB30: =((DA30-CZ30)/CZ30)*100 -> 0.25473813 | DC30: 4237 | DD30: 9839 | DE30: =((DD30-DC30)/DC30)*100 -> 132.21619 | DH30: PPV+SUV | DI30: 2932 | DJ30: 4237 | DK30: =((DJ30-DI30)/DI30)*100 -> 44.508868 | DL30: 7013 | DM30: 4237 | DN30: =((DM30-DL30)/DL30)*100 -> -39.58363 | DQ30: PPV+SUV | DR30: 5464 | DS30: 7013 | DT30: =((DS30-DR30)/DR30)*100 -> 28.349195 | DU30: 5436 | DV30: 7013 | DW30: =((DV30-DU30)/DU30)*100 -> 29.010302 | DZ30: PPV+SUV | EA30: 3661 | EB30: 5436 | EC30: =((EB30-EA30)/EA30)*100 -> 48.484021 | ED30: 3757 | EE30: 5436 | EF30: =((EE30-ED30)/ED30)*100 -> 44.689912 | EI30: PPV+SUV | EJ30: 2816 | EK30: 3757 | EL30: =((EK30-EJ30)/EJ30)*100 -> 33.416193 | EM30: 3390 | EN30: 3757 | EO30: =((EN30-EM30)/EM30)*100 -> 10.825959 | ER30: PPV+SUV | ES30: 3212 | ET30: 3390 | EU30: =(ET30-ES30)/ES30*100 -> 5.5417186 | EV30: 3976 | EW30: 3390 | EX30: =(EW30-EV30)/EV30*100 -> -14.738431
A31: ส่งออก | B31: (คัน) | C31: 78692 | D31: 84963 | E31: =((D31-C31)/C31)*100 -> 7.9690439 | F31: 76346 | G31: 84963 | H31: =((G31-F31)/F31)*100 -> 11.286773 | I31: ส่งออก | J31: (คัน) | K31: 99609 | L31: 90305 | M31: =((L31-K31)/K31)*100 -> -9.3405214 | N31: 111605 | O31: 90305 | P31: =((O31-N31)/N31)*100 -> -19.085166 | Q31: ส่งออก | R31: (คัน) | S31: 87979 | T31: 111605 | U31: =((T31-S31)/S31)*100 -> 26.854136 | V31: 101307 | W31: 111605 | X31: =((W31-V31)/V31)*100 -> 10.165142 | Y31: ส่งออก | Z31: (คัน) | AA31: 98829 | AB31: 101307 | AC31: =((AB31-AA31)/AA31)*100 -> 2.5073612 | AD31: 68481 | AE31: 101307 | AF31: =((AE31-AD31)/AD31)*100 -> 47.934464 | AG31: ส่งออก | AH31: (คัน) | AI31: 74532 | AJ31: 68481 | AK31: =((AJ31-AI31)/AI31)*100 -> -8.1186604 | AL31: 72265 | AM31: 68481 | AN31: =((AM31-AL31)/AL31)*100 -> -5.2362831 | AO31: ส่งออก | AP31: (คัน) | AQ31: 75185 | AR31: 72265 | AS31: =((AR31-AQ31)/AQ31)*100 -> -3.8837534 | AT31: 95407 | AU31: 72265 | AV31: =((AU31-AT31)/AT31)*100 -> -24.256082 | AW31: ส่งออก | AX31: (คัน) | AY31: 93108 | AZ31: 95407 | BA31: =((AZ31-AY31)/AY31)*100 -> 2.4691756 | BB31: 95834 | BC31: 95407 | BD31: =((BC31-BB31)/BB31)*100 -> -0.44556212 | BE31: ส่งออก | BF31: (คัน) | BG31: 103042 | BH31: 95834 | BI31: =((BH31-BG31)/BG31)*100 -> -6.9952058 | BJ31: 86120 | BK31: 95834 | BL31: =((BK31-BJ31)/BJ31)*100 -> 11.27961 | BN31: ส่งออก | BO31: (คัน) | BP31: 98477 | BQ31: 86120 | BR31: =((BQ31-BP31)/BP31)*100 -> -12.548108 | BS31: 86650 | BT31: 86120 | BU31: =((BT31-BS31)/BS31)*100 -> -0.61165609 | BW31: ส่งออก | BX31: (คัน) | BY31: ='พ.ย. '!CK31 -> #REF! | BZ31: =CC31 -> #REF! | CA31: =((BZ31-BY31)/BY31)*100 -> #REF! | CB31: =CI31 -> 89146 | CC31: =#REF! -> #REF! | CD31: =((CC31-CB31)/CB31)*100 -> #REF! | CF31: ส่งออก | CG31: (คัน) | CH31: 106591 | CI31: 89146 | CJ31: =((CI31-CH31)/CH31)*100 -> -16.366297 | CK31: 87961 | CL31: 89146 | CM31: =((CL31-CK31)/CK31)*100 -> 1.347188 | CO31: ส่งออก | CP31: (คัน) | CQ31: 96006 | CR31: 87961 | CS31: =((CR31-CQ31)/CQ31)*100 -> -8.3796846 | CT31: 86297 | CU31: 87961 | CV31: =((CU31-CT31)/CT31)*100 -> 1.9282246 | CX31: ส่งออก | CY31: (คัน) | CZ31: 100225 | DA31: 86297 | DB31: =((DA31-CZ31)/CZ31)*100 -> -13.896732 | DC31: 35046 | DD31: 86297 | DE31: =((DD31-DC31)/DC31)*100 -> 146.23923 | DG31: ส่งออก | DH31: (คัน) | DI31: 6258 | DJ31: 35046 | DK31: =((DJ31-DI31)/DI31)*100 -> 460.01918 | DL31: 71025 | DM31: 35046 | DN31: =((DM31-DL31)/DL31)*100 -> -50.656811 | DP31: ส่งออก | DQ31: (คัน) | DR31: 79618 | DS31: 71025 | DT31: =((DS31-DR31)/DR31)*100 -> -10.792786 | DU31: 53600 | DV31: 71025 | DW31: =((DV31-DU31)/DU31)*100 -> 32.509328 | DY31: ส่งออก | DZ31: (คัน) | EA31: 58665 | EB31: 53600 | EC31: =((EB31-EA31)/EA31)*100 -> -8.633768 | ED31: 43273 | EE31: 53600 | EF31: =((EE31-ED31)/ED31)*100 -> 23.864766 | EH31: ส่งออก | EI31: (คัน) | EJ31: 65917 | EK31: 43273 | EL31: =((EK31-EJ31)/EJ31)*100 -> -34.352292 | EM31: 68313 | EN31: 43273 | EO31: =((EN31-EM31)/EM31)*100 -> -36.654809 | EQ31: ส่งออก | ER31: (คัน) | ES31: 69783 | ET31: 68313 | EU31: =(ET31-ES31)/ES31*100 -> -2.1065302 | EV31: 54896 | EW31: 68313 | EX31: =(EW31-EV31)/EV31*100 -> 24.440761
B32: (ล้านบาท) | C32: 52219.977 | D32: 53679.007 | E32: =((D32-C32)/C32)*100 -> 2.7940058 | F32: 52414.336 | G32: 53679.007 | H32: =((G32-F32)/F32)*100 -> 2.4128335 | J32: (ล้านบาท) | K32: 65575.855 | L32: 62499.784 | M32: =((L32-K32)/K32)*100 -> -4.690859 | N32: 71351.548 | O32: 62499.784 | P32: =((O32-N32)/N32)*100 -> -12.405848 | R32: (ล้านบาท) | S32: 56071.91 | T32: 71351.548 | U32: =((T32-S32)/S32)*100 -> 27.250076 | V32: 60988.308 | W32: 71351.548 | X32: =((W32-V32)/V32)*100 -> 16.992175 | Z32: (ล้านบาท) | AA32: 57737.821 | AB32: 60988.308 | AC32: =((AB32-AA32)/AA32)*100 -> 5.6297371 | AD32: 39216.912 | AE32: 60988.308 | AF32: =((AE32-AD32)/AD32)*100 -> 55.515326 | AH32: (ล้านบาท) | AI32: 42674.602 | AJ32: 39216.912 | AK32: =((AJ32-AI32)/AI32)*100 -> -8.1024548 | AL32: 37595.95 | AM32: 39216.912 | AN32: =((AM32-AL32)/AL32)*100 -> 4.3115328 | AP32: (ล้านบาท) | AQ32: 39369.16 | AR32: 37595.95 | AS32: =((AR32-AQ32)/AQ32)*100 -> -4.5040585 | AT32: 47336.81 | AU32: 37595.95 | AV32: =((AU32-AT32)/AT32)*100 -> -20.57777 | AX32: (ล้านบาท) | AY32: 48092.72 | AZ32: 47336.81 | BA32: =((AZ32-AY32)/AY32)*100 -> -1.5717764 | BB32: 49779.55 | BC32: 47336.81 | BD32: =((BC32-BB32)/BB32)*100 -> -4.9071155 | BF32: (ล้านบาท) | BG32: 54059.73 | BH32: 49779.55 | BI32: =((BH32-BG32)/BG32)*100 -> -7.9175016 | BJ32: 46368.25 | BK32: 49779.55 | BL32: =((BK32-BJ32)/BJ32)*100 -> 7.3569738 | BO32: (ล้านบาท) | BP32: 51111.85 | BQ32: 46368.25 | BR32: =((BQ32-BP32)/BP32)*100 -> -9.2808224 | BS32: 46414.76 | BT32: 46368.25 | BU32: =((BT32-BS32)/BS32)*100 -> -0.10020519 | BX32: (ล้านบาท) | BY32: ='พ.ย. '!CK32 -> #REF! | BZ32: =CC32 -> #REF! | CA32: =((BZ32-BY32)/BY32)*100 -> #REF! | CB32: =CI32 -> 39256.44 | CC32: =#REF! -> #REF! | CD32: =((CC32-CB32)/CB32)*100 -> #REF! | CG32: (ล้านบาท) | CH32: 47829.34 | CI32: 39256.44 | CJ32: =((CI32-CH32)/CH32)*100 -> -17.923935 | CK32: 40462.89 | CL32: 39256.44 | CM32: =((CL32-CK32)/CK32)*100 -> -2.9816209 | CP32: (ล้านบาท) | CQ32: 44719.12 | CR32: 40462.89 | CS32: =((CR32-CQ32)/CQ32)*100 -> -9.5176962 | CT32: 40767.17 | CU32: 40462.89 | CV32: =((CU32-CT32)/CT32)*100 -> -0.7463849 | CY32: (ล้านบาท) | CZ32: 46580.56 | DA32: 40767.17 | DB32: =((DA32-CZ32)/CZ32)*100 -> -12.480292 | DC32: 17048.54 | DD32: 40767.17 | DE32: =((DD32-DC32)/DC32)*100 -> 139.12411 | DH32: (ล้านบาท) | DI32: 2966.09 | DJ32: 17048.54 | DK32: =((DJ32-DI32)/DI32)*100 -> 474.78161 | DL32: 29872.69 | DM32: 17048.54 | DN32: =((DM32-DL32)/DL32)*100 -> -42.929344 | DQ32: (ล้านบาท) | DR32: 33142.44 | DS32: 29872.69 | DT32: =((DS32-DR32)/DR32)*100 -> -9.8657492 | DU32: 25210.53 | DV32: 29872.69 | DW32: =((DV32-DU32)/DU32)*100 -> 18.492908 | DZ32: (ล้านบาท) | EA32: 27633.6 | EB32: 25210.53 | EC32: =((EB32-EA32)/EA32)*100 -> -8.7685644 | ED32: 17777.35 | EE32: 25210.53 | EF32: =((EE32-ED32)/ED32)*100 -> 41.812644 | EI32: (ล้านบาท) | EJ32: 29475.3 | EK32: 17777.35 | EL32: =((EK32-EJ32)/EJ32)*100 -> -39.687297 | EM32: 30708.67 | EN32: 17777.35 | EO32: =((EN32-EM32)/EM32)*100 -> -42.109671 | ER32: (ล้านบาท) | ES32: 31617.09 | ET32: 30708.67 | EU32: =(ET32-ES32)/ES32*100 -> -2.8731929 | EV32: 24337.72 | EW32: 30708.67 | EX32: =(EW32-EV32)/EV32*100 -> 26.177267
B50: Export
C51: 25173 | D51: 24807
B52: 1 Ton P/U | C52: 50110 | D52: 49931 | E52: =(C52-D52)/D52*100 -> 0.35849472
B53: Passenger Car | C53: 17963 | D53: 17077 | E53: =(C53-D53)/D53*100 -> 5.1882649
B54: PPV | C54: 11551 | D54: 9338 | E54: =(C54-D54)/D54*100 -> 23.698865
B55: Truck | C55: 0 | D55: -
C56: =C52+C53+C54 -> 79624 | D56: 76346 | E56: =(C56-D56)/D56*100 -> 4.2936107

Sheet พ.ย. 
C1: จักรยานยนต์ พ.ย. 68 | K1: จักรยานยนต์ พ.ย. 67 | S1: จักรยานยนต์ พ.ย. 66 | AA1: จักรยานยนต์ พ.ย. 65 | AI1: จักรยานยนต์ พ.ย. 64 | AR1: จักรยานยนต์ พ.ย. 63 | BA1: จักรยานยนต์ พ.ย. 62 | BI1: จักรยานยนต์ พ.ย. 61 | BR1: จักรยานยนต์ พ.ย. 60 | CA1: จักรยานยนต์ พ.ย. 59 | CJ1: จักรยานยนต์ พย 58 | CS1: จักรยานยนต์ พย 56 | DB1: จักรยานยนต์ พย 55 | DK1: จักรยานยนต พย 54 | DT1: จักรยานยนต์ พย 53 | EC1: จักรยานยนต์ พย 52 | EL1: จักรยานยนต์ พย 51 | EU1: จักรยานยนต์ พย 50 | FB1: จักรยานยนต์ พ.ย.49 | FI1: จักรยานยนต์ พ.ย.48
C2: ต.ค.68 | D2: พ.ย.68 | E2: ร้อยละ | F2: พ.ย.67 | G2: พ.ย.68 | H2: ร้อยละ | K2: ต.ค.67 | L2: พ.ย.67 | M2: ร้อยละ | N2: พ.ย.66 | O2: พ.ย.67 | P2: ร้อยละ | S2: ต.ค.66 | T2: พ.ย.66 | U2: ร้อยละ | V2: 24047 | W2: พ.ย.66 | X2: ร้อยละ | AA2: ต.ค.65 | AB2: พ.ย.65 | AC2: ร้อยละ | AD2: พ.ย. 64 | AE2: พ.ย. 65 | AF2: ร้อยละ | AI2: ต.ค.64 | AJ2: พ.ย.64 | AK2: ร้อยละ | AL2: พ.ย. 63 | AM2: พ.ย. 64 | AN2: ร้อยละ | AR2: ต.ค.63 | AS2: พ.ย.63 | AT2: ร้อยละ | AU2: พ.ย. 62 | AV2: พ.ย. 63 | AW2: ร้อยละ | BA2: ต.ค.62 | BB2: พ.ย.62 | BC2: ร้อยละ | BD2: พ.ย. 61 | BE2: พ.ย. 62 | BF2: ร้อยละ | BI2: ต.ค.61 | BJ2: พ.ย.61 | BK2: ร้อยละ | BL2: พ.ย. 60 | BM2: พ.ย. 61 | BN2: ร้อยละ | BR2: ต.ค.60 | BS2: พ.ย.60 | BT2: ร้อยละ | BU2: พ.ย. 59 | BV2: พ.ย. 60 | BW2: ร้อยละ | CA2: ต.ค.59 | CB2: พ.ย.59 | CC2: ร้อยละ | CD2: พ.ย. 58 | CE2: พ.ย. 59 | CF2: ร้อยละ | CJ2: ตค 58 | CK2: พย 58 | CL2: ร้อยละ | CM2: พย 57 | CN2: พย 58 | CO2: ร้อยละ | CS2: ตค 56 | CT2: พย 56 | CU2: ร้อยละ | CV2: พย 55 | CW2: พย 56 | CX2: ร้อยละ | DB2: ตค 55 | DC2: พย 55 | DD2: ร้อยละ | DE2: พย 54 | DF2: พย 55 | DG2: ร้อยละ | DK2: ตค 54 | DL2: พย 54 | DM2: ร้อยละ | DN2: พย 53 | DO2: พย 54 | DP2: ร้อยละ | DT2: ตค 53 | DU2: พย 53 | DV2: ร้อยละ | DW2: พย 52 | DX2: พย 53 | DY2: ร้อยละ | EC2: ตค 52 | ED2: พย 52 | EE2: ร้อยละ | EF2: พย 51 | EG2: พย 52 | EH2: ร้อยละ | EL2: ตค 51 | EM2: พย 51 | EN2: ร้อยละ | EO2: พย 50 | EP2: พย 51 | EQ2: ร้อยละ | EU2: 18537 | EV2: 18568 | EW2: ร้อยละ | EX2: 18203 | EY2: 18568 | EZ2: ร้อยละ | FB2: 18172 | FC2: 18203 | FD2: ร้อยละ | FE2: 17838 | FF2: 18203 | FG2: ร้อยละ | FJ2: 17807 | FK2: 17838 | FL2: ร้อยละ | FM2: 17472 | FN2: 17838 | FO2: ร้อยละ
A3: ผลิต | C3: 150489 | D3: 146167 | E3: =((D3-C3)/C3)*100 -> -2.8719707 | F3: 148142 | G3: 146167 | H3: =(G3-F3)/F3*100 -> -1.3331803 | I3: ผลิต | K3: 149010 | L3: 148142 | M3: =((L3-K3)/K3)*100 -> -0.58251124 | N3: 178045 | O3: 148142 | P3: =(O3-N3)/N3*100 -> -16.795192 | Q3: ผลิต | S3: 140114 | T3: 178045 | U3: =((T3-S3)/S3)*100 -> 27.071527 | V3: 189040 | W3: 178045 | X3: =(W3-V3)/V3*100 -> -5.8162294 | Y3: ผลิต | AA3: 171644 | AB3: 189040 | AC3: =((AB3-AA3)/AA3)*100 -> 10.13493 | AD3: 188493 | AE3: 189040 | AF3: =(AE3-AD3)/AD3*100 -> 0.29019645 | AG3: ผลิต | AI3: 144844 | AJ3: 188493 | AK3: =((AJ3-AI3)/AI3)*100 -> 30.13518 | AL3: 175569 | AM3: 188493 | AN3: =(AM3-AL3)/AL3*100 -> 7.3612084 | AP3: ผลิต | AR3: 166636 | AS3: =AS4+AS5 -> 175569 | AT3: =((AS3-AR3)/AR3)*100 -> 5.3607864 | AU3: 171799 | AV3: 175569 | AW3: =(AV3-AU3)/AU3*100 -> 2.1944249 | AY3: ผลิต | BA3: 161318 | BB3: 171799 | BC3: =((BB3-BA3)/BA3)*100 -> 6.4971051 | BD3: 189690 | BE3: 171799 | BF3: =(BE3-BD3)/BD3*100 -> -9.4317044 | BI3: 167314 | BJ3: 189690 | BK3: =((BJ3-BI3)/BI3)*100 -> 13.373657 | BL3: 192451 | BM3: 189690 | BN3: =(BM3-BL3)/BL3*100 -> -1.4346509 | BP3: ผลิต | BR3: 164175 | BS3: 192451 | BT3: =((BS3-BR3)/BR3)*100 -> 17.223085 | BU3: 163400 | BV3: 192451 | BW3: =(BV3-BU3)/BU3*100 -> 17.77907 | BY3: ผลิต | CA3: 155483 | CB3: 163400 | CC3: =((CB3-CA3)/CA3)*100 -> 5.091875 | CD3: 135714 | CE3: 163400 | CF3: =(CE3-CD3)/CD3*100 -> 20.400253 | CH3: ผลิต | CJ3: =ต.ค.!CI3 -> 145279 | CK3: =CN3 -> #REF! | CL3: =((CK3-CJ3)/CJ3)*100 -> #REF! | CM3: =#REF! -> #REF! | CN3: =#REF! -> #REF! | CO3: =(CN3-CM3)/CM3*100 -> #REF! | CQ3: ผลิต | CS3: =SUM(CS4:CS5) -> 163385 | CT3: =SUM(CT4:CT5) -> 164466 | CU3: =((CT3-CS3)/CS3)*100 -> 0.66162744 | CV3: =SUM(CV4:CV5) -> 196615 | CW3: 164466 | CX3: =((CW3-CV3)/CV3)*100 -> -16.351245 | CZ3: ผลิต | DB3: =SUM(DB4:DB5) -> 202118 | DC3: =SUM(DC4:DC5) -> 196615 | DD3: =((DC3-DB3)/DB3)*100 -> -2.722667 | DE3: 33424 | DF3: =SUM(DF4:DF5) -> 196615 | DG3: =((DF3-DE3)/DE3)*100 -> 488.24497 | DI3: ผลิต | DK3: 66369 | DL3: =SUM(DL4:DL5) -> 33424 | DM3: =((DL3-DK3)/DK3)*100 -> -49.639139 | DN3: 175866 | DO3: 33424 | DP3: =((DO3-DN3)/DN3)*100 -> -80.994621 | DR3: ผลิต | DT3: =SUM(DT4:DT5) -> 183242 | DU3: =SUM(DU4:DU5) -> 175866 | DV3: =((DU3-DT3)/DT3)*100 -> -4.025278 | DW3: 165557 | DX3: =SUM(DX4:DX5) -> 175866 | DY3: =((DX3-DW3)/DW3)*100 -> 6.2268584 | EA3: ผลิต | EC3: 163863 | ED3: =SUM(ED4:ED5) -> 165557 | EE3: =((ED3-EC3)/EC3)*100 -> 1.0337904 | EF3: =SUM(EF4:EF5) -> 173782 | EG3: 165557 | EH3: =((EG3-EF3)/EF3)*100 -> -4.7329413 | EJ3: ผลิต | EL3: =SUM(EL4:EL5) -> 176726 | EM3: =SUM(EM4:EM5) -> 173782 | EN3: =((EM3-EL3)/EL3)*100 -> -1.6658556 | EO3: =SUM(EO4:EO5) -> 141998 | EP3: =SUM(EP4:EP5) -> 173782 | EQ3: =((EP3-EO3)/EO3)*100 -> 22.383414 | ES3: ผลิต | EU3: =SUM(EU4:EU5) -> 136569 | EV3: =EV4+EV5 -> 139514 | EW3: =(EV3-EU3)/EU3*100 -> 2.1564191 | EX3: =EX4+EX5 -> 155646 | EY3: =EY4+EY5 -> 139514 | EZ3: =(EY3-EX3)/EX3*100 -> -10.364545 | FB3: 148127 | FC3: 155646 | FD3: =((FC3-FB3)/FB3)*100 -> 5.0760496 | FE3: 225594 | FF3: =FC3 -> 155646 | FG3: =((FF3-FE3)/FE3)*100 -> -31.006144 | FI3: ผลิต | FJ3: 203856 | FK3: 225594 | FL3: =(FK3-FJ3)/FJ3*100 -> 10.663409 | FM3: 336305 | FN3: 225594 | FO3: =((FN3-FM3)/FM3)*100 -> -32.91982
B4: ครอบครัว (อเนกประสงค์) | C4: 131260 | D4: 119855 | E4: =((D4-C4)/C4)*100 -> -8.6888618 | F4: 116329 | G4: 119855 | H4: =(G4-F4)/F4*100 -> 3.0310585 | J4: ครอบครัว (อเนกประสงค์) | K4: 116833 | L4: 116329 | M4: =((L4-K4)/K4)*100 -> -0.43138497 | N4: 135391 | O4: 116329 | P4: =(O4-N4)/N4*100 -> -14.079222 | R4: ครอบครัว (อเนกประสงค์) | S4: 105106 | T4: 135391 | U4: =((T4-S4)/S4)*100 -> 28.813769 | V4: 147360 | W4: 135391 | X4: =(W4-V4)/V4*100 -> -8.1222856 | Z4: ครอบครัว (อเนกประสงค์) | AA4: 132382 | AB4: 147360 | AC4: =((AB4-AA4)/AA4)*100 -> 11.314227 | AD4: 147555 | AE4: 147360 | AF4: =(AE4-AD4)/AD4*100 -> -0.13215411 | AH4: ครอบครัว (อเนกประสงค์) | AI4: 108997 | AJ4: 147555 | AK4: =((AJ4-AI4)/AI4)*100 -> 35.375286 | AL4: 137471 | AM4: 147555 | AN4: =(AM4-AL4)/AL4*100 -> 7.3353653 | AQ4: ครอบครัว (อเนกประสงค์) | AR4: 137036 | AS4: 137471 | AT4: =((AS4-AR4)/AR4)*100 -> 0.31743483 | AU4: 143103 | AV4: 137471 | AW4: =(AV4-AU4)/AU4*100 -> -3.9356268 | AZ4: ครอบครัว (อเนกประสงค์) | BA4: 133950 | BB4: 143103 | BC4: =((BB4-BA4)/BA4)*100 -> 6.8331467 | BD4: 148502 | BE4: 143103 | BF4: =(BE4-BD4)/BD4*100 -> -3.6356413 | BH4: ครอบครัว (อเนกประสงค์) | BI4: 137629 | BJ4: 148502 | BK4: =((BJ4-BI4)/BI4)*100 -> 7.9002245 | BL4: 146474 | BM4: 148502 | BN4: =(BM4-BL4)/BL4*100 -> 1.3845461 | BQ4: ครอบครัว (อเนกประสงค์) | BR4: 126172 | BS4: 146474 | BT4: =((BS4-BR4)/BR4)*100 -> 16.090733 | BU4: 122861 | BV4: 146474 | BW4: =(BV4-BU4)/BU4*100 -> 19.21928 | BZ4: ครอบครัว (อเนกประสงค์) | CA4: 114527 | CB4: 122861 | CC4: =((CB4-CA4)/CA4)*100 -> 7.2768867 | CD4: 103877 | CE4: 122861 | CF4: =(CE4-CD4)/CD4*100 -> 18.27546 | CI4: ครอบครัว | CJ4: =ต.ค.!CI4 -> 114653 | CK4: =CN4 -> #REF! | CL4: =((CK4-CJ4)/CJ4)*100 -> #REF! | CM4: =#REF! -> #REF! | CN4: =#REF! -> #REF! | CO4: =(CN4-CM4)/CM4*100 -> #REF! | CR4: ครอบครัว | CS4: 132502 | CT4: 133675 | CU4: =((CT4-CS4)/CS4)*100 -> 0.88526966 | CV4: 173288 | CW4: 133675 | CX4: =((CW4-CV4)/CV4)*100 -> -22.859633 | DA4: ครอบครัว | DB4: 179262 | DC4: 173288 | DD4: =((DC4-DB4)/DB4)*100 -> -3.3325524 | DE4: 31492 | DF4: 173288 | DG4: =((DF4-DE4)/DE4)*100 -> 450.26038 | DJ4: ครอบครัว | DK4: 46498 | DL4: 31492 | DM4: =((DL4-DK4)/DK4)*100 -> -32.272356 | DN4: 163863 | DO4: 31492 | DP4: =((DO4-DN4)/DN4)*100 -> -80.781507 | DS4: ครอบครัว | DT4: 173828 | DU4: =163686+177 -> 163863 | DV4: =((DU4-DT4)/DT4)*100 -> -5.7326783 | DW4: 155123 | DX4: =163686+177 -> 163863 | DY4: =((DX4-DW4)/DW4)*100 -> 5.6342386 | EB4: ครอบครัว | EC4: 155470 | ED4: 155123 | EE4: =((ED4-EC4)/EC4)*100 -> -0.22319419 | EF4: 154637 | EG4: 155123 | EH4: =((EG4-EF4)/EF4)*100 -> 0.31428442 | EK4: ครอบครัว | EL4: 161656 | EM4: 154637 | EN4: =((EM4-EL4)/EL4)*100 -> -4.341936 | EO4: 134728 | EP4: 154637 | EQ4: =((EP4-EO4)/EO4)*100 -> 14.777181 | ET4: ครอบครัว | EU4: 127782 | EV4: 134728 | EW4: =(EV4-EU4)/EU4*100 -> 5.4358204 | EX4: 148768 | EY4: 134728 | EZ4: =(EY4-EX4)/EX4*100 -> -9.4375134 | FB4: 144203 | FC4: 158601 | FD4: =((FC4-FB4)/FB4)*100 -> 9.9845357 | FE4: 197728 | FF4: =FC4 -> 158601 | FG4: =((FF4-FE4)/FE4)*100 -> -19.788295 | FI4: จำหน่าย | FJ4: 188599 | FK4: 197728 | FL4: =(FK4-FJ4)/FJ4*100 -> 4.8404286 | FM4: 200249 | FN4: 197728 | FO4: =((FN4-FM4)/FM4)*100 -> -1.2589326
B5: สปอร์ต | C5: 17557 | D5: 23324 | E5: =((D5-C5)/C5)*100 -> 32.847297 | F5: 27641 | G5: 23324 | H5: =(G5-F5)/F5*100 -> -15.618104 | J5: สปอร์ต | K5: 28681 | L5: 27641 | M5: =((L5-K5)/K5)*100 -> -3.6260939 | N5: 42554 | O5: 27641 | P5: =(O5-N5)/N5*100 -> -35.044884 | R5: สปอร์ต | S5: 34958 | T5: 42554 | U5: =((T5-S5)/S5)*100 -> 21.728932 | V5: 41680 | W5: 42554 | X5: =(W5-V5)/V5*100 -> 2.096929 | Z5: สปอร์ต | AA5: 39262 | AB5: 41680 | AC5: =((AB5-AA5)/AA5)*100 -> 6.1586267 | AD5: 40938 | AE5: 41680 | AF5: =(AE5-AD5)/AD5*100 -> 1.8124969 | AH5: สปอร์ต | AI5: 35847 | AJ5: 40938 | AK5: =((AJ5-AI5)/AI5)*100 -> 14.202025 | AL5: 38098 | AM5: 40938 | AN5: =(AM5-AL5)/AL5*100 -> 7.4544596 | AQ5: สปอร์ต | AR5: 29600 | AS5: 38098 | AT5: =((AS5-AR5)/AR5)*100 -> 28.709459 | AU5: 28696 | AV5: 38098 | AW5: =(AV5-AU5)/AU5*100 -> 32.764148 | AZ5: สปอร์ต | BA5: 27368 | BB5: 28696 | BC5: =((BB5-BA5)/BA5)*100 -> 4.8523823 | BD5: 41188 | BE5: 28696 | BF5: =(BE5-BD5)/BD5*100 -> -30.329222 | BH5: สปอร์ต | BI5: 29685 | BJ5: 41188 | BK5: =((BJ5-BI5)/BI5)*100 -> 38.750211 | BL5: 45977 | BM5: 41188 | BN5: =(BM5-BL5)/BL5*100 -> -10.416078 | BQ5: สปอร์ต | BR5: 38003 | BS5: 45977 | BT5: =((BS5-BR5)/BR5)*100 -> 20.982554 | BU5: 40539 | BV5: 45977 | BW5: =(BV5-BU5)/BU5*100 -> 13.414243 | BZ5: สปอร์ต | CA5: 40956 | CB5: 40539 | CC5: =((CB5-CA5)/CA5)*100 -> -1.0181658 | CD5: 31837 | CE5: 40539 | CF5: =(CE5-CD5)/CD5*100 -> 27.332977 | CI5: สปอร์ต | CJ5: =ต.ค.!CI5 -> 30626 | CK5: =CN5 -> #REF! | CL5: =((CK5-CJ5)/CJ5)*100 -> #REF! | CM5: =#REF! -> #REF! | CN5: =#REF! -> #REF! | CO5: =(CN5-CM5)/CM5*100 -> #REF! | CR5: สปอร์ต | CS5: 30883 | CT5: 30791 | CU5: =((CT5-CS5)/CS5)*100 -> -0.29789852 | CV5: 23327 | CW5: 30791 | CX5: =((CW5-CV5)/CV5)*100 -> 31.997256 | DA5: สปอร์ต | DB5: 22856 | DC5: 23327 | DD5: =((DC5-DB5)/DB5)*100 -> 2.060728 | DE5: 1932 | DF5: 23327 | DG5: =((DF5-DE5)/DE5)*100 -> 1107.4017 | DJ5: สปอร์ต | DK5: 19871 | DL5: 1932 | DM5: =((DL5-DK5)/DK5)*100 -> -90.277289 | DN5: 12003 | DO5: 1932 | DP5: =((DO5-DN5)/DN5)*100 -> -83.904024 | DS5: สปอร์ต | DT5: 9414 | DU5: =11999+4 -> 12003 | DV5: =((DU5-DT5)/DT5)*100 -> 27.501593 | DW5: 10434 | DX5: =11999+4 -> 12003 | DY5: =((DX5-DW5)/DW5)*100 -> 15.037378 | EB5: สปอร์ต | EC5: 8393 | ED5: 10434 | EE5: =((ED5-EC5)/EC5)*100 -> 24.317884 | EF5: 19145 | EG5: 10434 | EH5: =((EG5-EF5)/EF5)*100 -> -45.500131 | EK5: สปอร์ต | EL5: 15070 | EM5: 19145 | EN5: =((EM5-EL5)/EL5)*100 -> 27.040478 | EO5: 7270 | EP5: 19145 | EQ5: =((EP5-EO5)/EO5)*100 -> 163.3425 | ET5: สปอร์ต | EU5: 8787 | EV5: 4786 | EW5: =(EV5-EU5)/EU5*100 -> -45.533174 | EX5: 6878 | EY5: 4786 | EZ5: =(EY5-EX5)/EX5*100 -> -30.415819 | FB5: 6019 | FC5: 6149 | FD5: =((FC5-FB5)/FB5)*100 -> 2.1598272 | FE5: 15479 | FF5: =FC5 -> 6149 | FG5: =((FF5-FE5)/FE5)*100 -> -60.275212 | FI5: ส่งออก | FJ5: 12307 | FK5: 15479 | FL5: =(FK5-FJ5)/FJ5*100 -> 25.77395 | FM5: 72122 | FN5: 15479 | FO5: =((FN5-FM5)/FM5)*100 -> -78.537755
B6: EV | C6: 68 | D6: 1541 | E6: =((D6-C6)/C6)*100 -> 2166.1765 | F6: - | G6: 1541 | H6: =(G6-F6)/F6*100 -> #VALUE! | J6: EV | K6: - | L6: - | M6: =((L6-K6)/K6)*100 -> #VALUE! | N6: 100 | O6: - | P6: =(O6-N6)/N6*100 -> #VALUE! | R6: EV | S6: 50 | T6: 100 | U6: =((T6-S6)/S6)*100 -> 100 | W6: 100 | X6: =(W6-V6)/V6*100 -> #DIV/0!
B7: ICONIC | C7: 1604 | D7: 1447 | E7: -6.7733333 | F7: 4172 | G7: 1447 | H7: =(G7-F7)/F7*100 -> -65.316395 | J7: ICONIC | K7: 3496 | L7: 4172 | M7: -6.7733333 | N7: 0 | O7: 4172 | P7: #DIV/0!
A8: จำหน่าย | C8: 133706 | D8: =D10+D11+D12+D13+D14 -> 128430 | E8: =((D8-C8)/C8)*100 -> -3.945971 | F8: 136622 | G8: =G10+G11+G12+G13+G14 -> 128430 | H8: =(G8-F8)/F8*100 -> -5.996106 | I8: จำหน่าย | K8: 140113 | L8: 136622 | M8: =((L8-K8)/K8)*100 -> -2.4915604 | N8: 143121 | O8: 136622 | P8: =(O8-N8)/N8*100 -> -4.5409129 | Q8: จำหน่าย | S8: 134978 | T8: 143121 | U8: =((T8-S8)/S8)*100 -> 6.032835 | V8: 150980 | W8: 143121 | X8: =(W8-V8)/V8*100 -> -5.2053252 | Y8: จำหน่าย | AA8: 134019 | AB8: 150980 | AC8: =((AB8-AA8)/AA8)*100 -> 12.655668 | AD8: 144648 | AE8: 150980 | AF8: =(AE8-AD8)/AD8*100 -> 4.3775234 | AG8: จำหน่าย | AI8: 114285 | AJ8: 144648 | AK8: =((AJ8-AI8)/AI8)*100 -> 26.567791 | AL8: 120062 | AM8: 144648 | AN8: =(AM8-AL8)/AL8*100 -> 20.477753 | AP8: จำหน่าย | AR8: 126323 | AS8: 120062 | AT8: =((AS8-AR8)/AR8)*100 -> -4.9563421 | AU8: 135458 | AV8: 120062 | AW8: =(AV8-AU8)/AU8*100 -> -11.365885 | AY8: จำหน่าย | BA8: 142434 | BB8: 135458 | BC8: =((BB8-BA8)/BA8)*100 -> -4.897707 | BD8: 145633 | BE8: 135458 | BF8: =(BE8-BD8)/BD8*100 -> -6.9867406 | BI8: 139290 | BJ8: 145633 | BK8: =((BJ8-BI8)/BI8)*100 -> 4.5538086 | BL8: 153058 | BM8: 145633 | BN8: =(BM8-BL8)/BL8*100 -> -4.8511022 | BP8: จำหน่าย | BR8: 135575 | BS8: 153058 | BT8: =((BS8-BR8)/BR8)*100 -> 12.895445 | BU8: 137291 | BV8: 153058 | BW8: =(BV8-BU8)/BU8*100 -> 11.484365 | BY8: จำหน่าย | CA8: 126184 | CB8: 137291 | CC8: =((CB8-CA8)/CA8)*100 -> 8.8022253 | CD8: 121599 | CE8: 137291 | CF8: =(CE8-CD8)/CD8*100 -> 12.904711 | CH8: จำหน่าย | CJ8: =ต.ค.!CI8 -> 118516 | CK8: =CN8 -> #REF! | CL8: =((CK8-CJ8)/CJ8)*100 -> #REF! | CM8: =#REF! -> #REF! | CN8: =#REF! -> #REF! | CO8: =(CN8-CM8)/CM8*100 -> #REF! | CQ8: จำหน่าย | CS8: =SUM(CS9:CS12) -> 148900 | CT8: =SUM(CT9:CT12) -> 138750 | CU8: =((CT8-CS8)/CS8)*100 -> -6.8166555 | CV8: =SUM(CV9:CV12) -> 165774 | CW8: 138750 | CX8: =((CW8-CV8)/CV8)*100 -> -16.301712 | CZ8: จำหน่าย | DB8: 167009 | DC8: =SUM(DC9:DC12) -> 165774 | DD8: =((DC8-DB8)/DB8)*100 -> -0.73948111 | DE8: 128324 | DF8: =SUM(DF9:DF12) -> 165774 | DG8: =((DF8-DE8)/DE8)*100 -> 29.183941 | DI8: จำหน่าย | DK8: 134811 | DL8: =SUM(DL9:DL12) -> 128324 | DM8: =((DL8-DK8)/DK8)*100 -> -4.8119219 | DN8: 144220 | DO8: 128324 | DP8: =((DO8-DN8)/DN8)*100 -> -11.02205 | DR8: จำหน่าย | DT8: =SUM(DT9:DT12) -> 139150 | DU8: =SUM(DU9:DU12) -> 144220 | DV8: =((DU8-DT8)/DT8)*100 -> 3.6435501 | DW8: 130264 | DX8: =SUM(DX9:DX12) -> 144220 | DY8: =((DX8-DW8)/DW8)*100 -> 10.713628 | EA8: จำหน่าย | EC8: 119918 | ED8: =SUM(ED9:ED12) -> 130264 | EE8: =((ED8-EC8)/EC8)*100 -> 8.6275622 | EF8: =SUM(EF9:EF12) -> 125322 | EG8: 130264 | EH8: =((EG8-EF8)/EF8)*100 -> 3.9434417 | EJ8: จำหน่าย | EL8: =SUM(EL9:EL12) -> 138437 | EM8: =SUM(EM9:EM12) -> 125323 | EN8: =((EM8-EL8)/EL8)*100 -> -9.472901 | EO8: =SUM(EO9:EO12) -> 129608 | EP8: =SUM(EP9:EP12) -> 125323 | EQ8: =((EP8-EO8)/EO8)*100 -> -3.3061231 | ES8: จำหน่าย | EU8: =SUM(EU9:EU12) -> 125975 | EV8: 129608 | EW8: =(EV8-EU8)/EU8*100 -> 2.8839055 | EX8: =EX9+EX10+EX12 -> 159737 | EY8: 129608 | EZ8: =(EY8-EX8)/EX8*100 -> -18.861629
B9: - น้อยกว่า 50 ซีซี | C9: 0 | D9: 0 | E9: 0 | F9: 0 | G9: 0 | H9: 0 | J9: - น้อยกว่า 50 ซีซี | K9: 0 | L9: 0 | M9: 0 | N9: 0 | O9: 0 | P9: 0 | R9: - น้อยกว่า 50 ซีซี | S9: 0 | T9: 0 | U9: 0 | V9: 0 | W9: 0 | X9: 0 | Z9: - น้อยกว่า 50 ซีซี | AA9: 0 | AB9: 0 | AC9: 0 | AD9: 0 | AE9: 0 | AF9: 0 | AH9: - น้อยกว่า 50 ซีซี | AI9: 0 | AJ9: 0 | AK9: 0 | AL9: 0 | AM9: 0 | AN9: 0 | AQ9: - น้อยกว่า 50 ซีซี | AR9: 0 | AS9: 0 | AT9: 0 | AU9: 0 | AV9: 0 | AW9: 0 | AZ9: - น้อยกว่า 50 ซีซี | BA9: 0 | BB9: 0 | BC9: 0 | BD9: 0 | BE9: 0 | BF9: 0 | BH9: - น้อยกว่า 50 ซีซี | BI9: 0 | BJ9: 0 | BK9: 0 | BL9: 1 | BM9: 0 | BN9: =(BM9-BL9)/BL9*100 -> -100 | BQ9: - น้อยกว่า 50 ซีซี | BR9: 0 | BS9: 1 | BV9: 1 | BZ9: - น้อยกว่าหรือเท่ากับ 100 ซีซี | CA9: 14 | CB9: 8 | CC9: =((CB9-CA9)/CA9)*100 -> -42.857143 | CE9: 8 | CI9: ครอบครัว | CJ9: =ต.ค.!CI9 -> 59890 | CK9: =CN9 -> #REF! | CL9: =((CK9-CJ9)/CJ9)*100 -> #REF! | CM9: =#REF! -> #REF! | CN9: =#REF! -> #REF! | CO9: =(CN9-CM9)/CM9*100 -> #REF! | CR9: ครอบครัว | CS9: 71468 | CT9: 68128 | CU9: =((CT9-CS9)/CS9)*100 -> -4.6734203 | CV9: 72521 | CW9: 68128 | CX9: =((CW9-CV9)/CV9)*100 -> -6.0575557 | DA9: ครอบครัว | DB9: 74163 | DC9: 72521 | DD9: =((DC9-DB9)/DB9)*100 -> -2.214042 | DE9: 57995 | DF9: 72521 | DG9: =((DF9-DE9)/DE9)*100 -> 25.046987 | DJ9: ครอบครัว | DK9: 69548 | DL9: 57995 | DM9: =((DL9-DK9)/DK9)*100 -> -16.611549 | DN9: 66767 | DO9: 57995 | DP9: =((DO9-DN9)/DN9)*100 -> -13.138227 | DS9: ครอบครัว | DT9: 65193 | DU9: 66767 | DV9: =((DU9-DT9)/DT9)*100 -> 2.4143696 | DW9: 63240 | DX9: 66767 | DY9: =((DX9-DW9)/DW9)*100 -> 5.5771664 | EB9: ครอบครัว | EC9: 59550 | ED9: 63240 | EE9: =((ED9-EC9)/EC9)*100 -> 6.1964736 | EF9: 63270 | EG9: 63240 | EH9: =((EG9-EF9)/EF9)*100 -> -0.047415837 | EK9: ครอบครัว | EL9: 75129 | EM9: 66671 | EN9: =((EM9-EL9)/EL9)*100 -> -11.25797 | EO9: 67453 | EP9: 66671 | EQ9: =((EP9-EO9)/EO9)*100 -> -1.1593258 | ET9: ครอบครัว | EU9: =62926+3931 -> 66857 | EW9: =(EV9-EU9)/EU9*100 -> -100 | EX9: 83180 | EZ9: =(EY9-EX9)/EX9*100 -> -100 | FB9: รถยนต์ พ.ย. 49 | FI9: รถยนต์ พ.ย.48
B10: - 51-110 ซีซี | C10: 42419 | D10: 40214 | E10: =((D10-C10)/C10)*100 -> -5.1981423 | F10: 48007 | G10: 40214 | H10: =(G10-F10)/F10*100 -> -16.233049 | J10: - 51-110 ซีซี | K10: 52375 | L10: 48007 | M10: =((L10-K10)/K10)*100 -> -8.3398568 | N10: 53291 | O10: 48007 | P10: =(O10-N10)/N10*100 -> -9.9153703 | R10: - 51-110 ซีซี | S10: 49220 | T10: 53291 | U10: =((T10-S10)/S10)*100 -> 8.271028 | V10: 70688 | W10: 53291 | X10: =(W10-V10)/V10*100 -> -24.610967 | Z10: - 51-110 ซีซี | AA10: 64631 | AB10: 70688 | AC10: =((AB10-AA10)/AA10)*100 -> 9.3716638 | AD10: 66454 | AE10: 70688 | AF10: =(AE10-AD10)/AD10*100 -> 6.3713245 | AH10: - 51-110 ซีซี | AI10: 52928 | AJ10: 66454 | AK10: =((AJ10-AI10)/AI10)*100 -> 25.555472 | AL10: 55990 | AM10: 66454 | AN10: =(AM10-AL10)/AL10*100 -> 18.689052 | AQ10: - 51-110 ซีซี | AR10: 59938 | AS10: 55990 | AT10: =((AS10-AR10)/AR10)*100 -> -6.5868064 | AU10: 68831 | AV10: 55990 | AW10: =(AV10-AU10)/AU10*100 -> -18.655838 | AZ10: - 51-110 ซีซี | BA10: 70876 | BB10: 68831 | BC10: =((BB10-BA10)/BA10)*100 -> -2.8853208 | BD10: 77235 | BE10: 68831 | BF10: =(BE10-BD10)/BD10*100 -> -10.881077 | BH10: - 51-110 ซีซี | BI10: 70519 | BJ10: 77235 | BK10: =((BJ10-BI10)/BI10)*100 -> 9.5236745 | BL10: 79895 | BM10: 77235 | BN10: =(BM10-BL10)/BL10*100 -> -3.3293698 | BQ10: - 51-110 ซีซี | BR10: 70137 | BS10: 79895 | BT10: =((BS10-BR10)/BR10)*100 -> 13.912771 | BV10: 79895 | BZ10: - 101-125 ซีซี | CA10: 108209 | CB10: 117649 | CC10: =((CB10-CA10)/CA10)*100 -> 8.7238585 | CE10: 117649 | CI10: สกูตเตอร์ | CJ10: =ต.ค.!CI10 -> 43686 | CK10: =CN10 -> #REF! | CL10: =((CK10-CJ10)/CJ10)*100 -> #REF! | CM10: =#REF! -> #REF! | CN10: =#REF! -> #REF! | CO10: =(CN10-CM10)/CM10*100 -> #REF! | CR10: สกูตเตอร์ | CS10: 63656 | CT10: 57898 | CU10: =((CT10-CS10)/CS10)*100 -> -9.0454945 | CV10: 85406 | CW10: 57898 | CX10: =((CW10-CV10)/CV10)*100 -> -32.20851 | DA10: สกูตเตอร์ | DB10: 84791 | DC10: 85406 | DD10: =((DC10-DB10)/DB10)*100 -> 0.72531283 | DE10: 63063 | DF10: 85406 | DG10: =((DF10-DE10)/DE10)*100 -> 35.42965 | DJ10: สกูตเตอร์ | DK10: 59825 | DL10: 63063 | DM10: =((DL10-DK10)/DK10)*100 -> 5.412453 | DN10: 75078 | DO10: 63063 | DP10: =((DO10-DN10)/DN10)*100 -> -16.003357 | DS10: สกูตเตอร์ | DT10: 71617 | DU10: 75078 | DV10: =((DU10-DT10)/DT10)*100 -> 4.8326515 | DW10: 61341 | DX10: 75078 | DY10: =((DX10-DW10)/DW10)*100 -> 22.394483 | EB10: สปอร์ต | EC10: 55003 | ED10: 61341 | EE10: =((ED10-EC10)/EC10)*100 -> 11.523008 | EF10: 56921 | EG10: 61341 | EH10: =((EG10-EF10)/EF10)*100 -> 7.7651482 | EK10: สปอร์ต | EL10: 1829 | EM10: 1486 | EN10: =((EM10-EL10)/EL10)*100 -> -18.753417 | EO10: 1320 | EP10: 1486 | EQ10: =((EP10-EO10)/EO10)*100 -> 12.575758 | ET10: สปอร์ต | EU10: =1070+323 -> 1393 | EW10: =(EV10-EU10)/EU10*100 -> -100 | EX10: 1632 | EZ10: =(EY10-EX10)/EX10*100 -> -100 | FB10: 18172 | FC10: 18203 | FD10: ร้อยละ | FE10: 17838 | FF10: 18203 | FG10: ร้อยละ | FJ10: 17807 | FK10: 17838 | FL10: ร้อยละ | FM10: 17472 | FN10: 17838 | FO10: ร้อยละ
B11: - 111-125 ซีซี | C11: 61415 | D11: 59677 | E11: =((D11-C11)/C11)*100 -> -2.8299275 | F11: 55557 | G11: 59677 | H11: =(G11-F11)/F11*100 -> 7.4158072 | J11: - 111-125 ซีซี | K11: 55892 | L11: 55557 | M11: =((L11-K11)/K11)*100 -> -0.59937021 | N11: 51508 | O11: 55557 | P11: =(O11-N11)/N11*100 -> 7.8609148 | R11: - 111-125 ซีซี | S11: 48725 | T11: 51508 | U11: =((T11-S11)/S11)*100 -> 5.711647 | V11: 43477 | W11: 51508 | X11: =(W11-V11)/V11*100 -> 18.471836 | Z11: - 111-125 ซีซี | AA11: 37973 | AB11: 43477 | AC11: =((AB11-AA11)/AA11)*100 -> 14.494509 | AD11: 41063 | AE11: 43477 | AF11: =(AE11-AD11)/AD11*100 -> 5.8787716 | AH11: - 111-125 ซีซี | AI11: 32383 | AJ11: 41063 | AK11: =((AJ11-AI11)/AI11)*100 -> 26.804187 | AL11: 34216 | AM11: 41063 | AN11: =(AM11-AL11)/AL11*100 -> 20.011106 | AQ11: - 111-125 ซีซี | AR11: 36975 | AS11: 34216 | AT11: =((AS11-AR11)/AR11)*100 -> -7.4617985 | AU11: 36123 | AV11: 34216 | AW11: =(AV11-AU11)/AU11*100 -> -5.279185 | AZ11: - 111-125 ซีซี | BA11: 39904 | BB11: 36123 | BC11: =((BB11-BA11)/BA11)*100 -> -9.4752406 | BD11: 38102 | BE11: 36123 | BF11: =(BE11-BD11)/BD11*100 -> -5.1939531 | BH11: - 111-125 ซีซี | BI11: 38430 | BJ11: 38102 | BK11: =((BJ11-BI11)/BI11)*100 -> -0.85349987 | BL11: 44466 | BM11: 38102 | BN11: =(BM11-BL11)/BL11*100 -> -14.312059 | BQ11: - 111-125 ซีซี | BR11: 39260 | BS11: 44466 | BT11: =((BS11-BR11)/BR11)*100 -> 13.260316 | BV11: 44466 | BZ11: - 126-150 ซีซี | CA11: 11816 | CB11: 13144 | CC11: =((CB11-CA11)/CA11)*100 -> 11.238998 | CE11: 13144
B12: - 126-250 ซีซี | C12: 22808 | D12: 21942 | E12: =((D12-C12)/C12)*100 -> -3.7969134 | F12: 24744 | G12: 21942 | H12: =(G12-F12)/F12*100 -> -11.323957 | J12: - 126-250 ซีซี | K12: 23679 | L12: 24744 | M12: =((L12-K12)/K12)*100 -> 4.4976562 | N12: 29754 | O12: 24744 | P12: =(O12-N12)/N12*100 -> -16.838072 | R12: - 126-250 ซีซี | S12: 28616 | T12: 29754 | U12: =((T12-S12)/S12)*100 -> 3.9767962 | V12: 29652 | W12: 29754 | X12: =(W12-V12)/V12*100 -> 0.34399029 | Z12: - 126-250 ซีซี | AA12: 26151 | AB12: 29652 | AC12: =((AB12-AA12)/AA12)*100 -> 13.387633 | AD12: 28920 | AE12: 29652 | AF12: =(AE12-AD12)/AD12*100 -> 2.5311203 | AH12: - 126-250 ซีซี | AI12: 21790 | AJ12: 28920 | AK12: =((AJ12-AI12)/AI12)*100 -> 32.721432 | AL12: 24638 | AM12: 28920 | AN12: =(AM12-AL12)/AL12*100 -> 17.379657 | AQ12: - 126-250 ซีซี | AR12: 23772 | AS12: 24638 | AT12: =((AS12-AR12)/AR12)*100 -> 3.6429413 | AU12: 24928 | AV12: 24638 | AW12: =(AV12-AU12)/AU12*100 -> -1.1633504 | AZ12: - 126-250 ซีซี | BA12: 26065 | BB12: 24928 | BC12: =((BB12-BA12)/BA12)*100 -> -4.3621715 | BD12: 25136 | BE12: 24928 | BF12: =(BE12-BD12)/BD12*100 -> -0.82749841 | BH12: - 126-250 ซีซี | BI12: 24894 | BJ12: 25136 | BK12: =((BJ12-BI12)/BI12)*100 -> 0.9721218 | BL12: 24240 | BM12: 25136 | BN12: =(BM12-BL12)/BL12*100 -> 3.6963696 | BQ12: - 126-250 ซีซี | BR12: 21519 | BS12: 24240 | BT12: =((BS12-BR12)/BR12)*100 -> 12.64464 | BV12: 24240 | BZ12: - มากกว่าหรือเท่ากับ 151 ซีซี | CA12: 6145 | CB12: 6490 | CC12: =((CB12-CA12)/CA12)*100 -> 5.6143206 | CE12: 6490 | CI12: สปอร์ต | CJ12: =ต.ค.!CI12 -> 14940 | CK12: =CN12 -> #REF! | CL12: =((CK12-CJ12)/CJ12)*100 -> #REF! | CM12: =#REF! -> #REF! | CN12: =#REF! -> #REF! | CO12: =(CN12-CM12)/CM12*100 -> #REF! | CR12: สปอร์ต | CS12: 13776 | CT12: 12724 | CU12: =((CT12-CS12)/CS12)*100 -> -7.6364692 | CV12: 7847 | CW12: 12724 | CX12: =((CW12-CV12)/CV12)*100 -> 62.151141 | DA12: สปอร์ต | DB12: 8055 | DC12: 7847 | DD12: =((DC12-DB12)/DB12)*100 -> -2.5822471 | DE12: 7266 | DF12: 7847 | DG12: =((DF12-DE12)/DE12)*100 -> 7.9961464 | DJ12: สปอร์ต | DK12: 5438 | DL12: 7266 | DM12: =((DL12-DK12)/DK12)*100 -> 33.6153 | DN12: 2375 | DO12: 7266 | DP12: =((DO12-DN12)/DN12)*100 -> 205.93684 | DS12: สปอร์ต | DT12: 2340 | DU12: 2375 | DV12: =((DU12-DT12)/DT12)*100 -> 1.4957265 | DW12: 5683 | DX12: 2375 | DY12: =((DX12-DW12)/DW12)*100 -> -58.208693 | EB12: สกูตเตอร์ | EC12: 5365 | ED12: 5683 | EE12: =((ED12-EC12)/EC12)*100 -> 5.9273066 | EF12: 5131 | EG12: 5683 | EH12: =((EG12-EF12)/EF12)*100 -> 10.758137 | EK12: สกูตเตอร์ | EL12: 61479 | EM12: 57166 | EN12: =((EM12-EL12)/EL12)*100 -> -7.0154036 | EO12: 60835 | EP12: 57166 | EQ12: =((EP12-EO12)/EO12)*100 -> -6.0310676 | ET12: สกูตเตอร์ | EU12: 57725 | EW12: =(EV12-EU12)/EU12*100 -> -100 | EX12: 74925 | EZ12: =(EY12-EX12)/EX12*100 -> -100 | FB12: 101264 | FC12: 101117 | FD12: =((FC12-FB12)/FB12)*100 -> -0.14516511 | FE12: 108176 | FF12: =FC12 -> 101117 | FG12: =((FF12-FE12)/FE12)*100 -> -6.525477 | FI12: ผลิต | FJ12: 104629 | FK12: 108176 | FL12: =(FK12-FJ12)/FJ12*100 -> 3.3900735 | FM12: 89880 | FN12: 108176 | FO12: =(FN12-FM12)/FM12*100 -> 20.35603
B13: - 251-399 ซีซี | C13: 6145 | D13: 5794 | E13: =((D13-C13)/C13)*100 -> -5.7119609 | F13: 7417 | G13: 5794 | H13: =(G13-F13)/F13*100 -> -21.882163 | J13: - 251-399 ซีซี | K13: 7343 | L13: 7417 | M13: =((L13-K13)/K13)*100 -> 1.0077625 | N13: 7499 | O13: 7417 | P13: =(O13-N13)/N13*100 -> -1.0934791 | R13: - 251-399 ซีซี | S13: 7399 | T13: 7499 | U13: =((T13-S13)/S13)*100 -> 1.351534 | V13: 5809 | W13: 7499 | X13: =(W13-V13)/V13*100 -> 29.092787 | Z13: - 251-399 ซีซี | AA13: 4242 | AB13: 5809 | AC13: =((AB13-AA13)/AA13)*100 -> 36.940123 | AD13: 6886 | AE13: 5809 | AF13: =(AE13-AD13)/AD13*100 -> -15.64043 | AH13: - 251-399 ซีซี | AI13: 6003 | AJ13: 6886 | AK13: =((AJ13-AI13)/AI13)*100 -> 14.709312 | AL13: 3748 | AM13: 6886 | AN13: =(AM13-AL13)/AL13*100 -> 83.724653 | AQ13: - 251-399 ซีซี | AR13: 4080 | AS13: 3748 | AT13: =((AS13-AR13)/AR13)*100 -> -8.1372549 | AU13: 3690 | AV13: 3748 | AW13: =(AV13-AU13)/AU13*100 -> 1.5718157 | AZ13: - 251-399 ซีซี | BA13: 3766 | BB13: 3690 | BC13: =((BB13-BA13)/BA13)*100 -> -2.0180563 | BD13: 2924 | BE13: 3690 | BF13: =(BE13-BD13)/BD13*100 -> 26.19699 | BH13: - 251-399 ซีซี | BI13: 3043 | BJ13: 2924 | BK13: =((BJ13-BI13)/BI13)*100 -> -3.9106145 | BL13: 2201 | BM13: 2924 | BN13: =(BM13-BL13)/BL13*100 -> 32.848705 | BQ13: - 251-399 ซีซี | BR13: 1950 | BS13: 2201 | BT13: =((BS13-BR13)/BR13)*100 -> 12.871795 | BV13: 2201
B14: - มากกว่าหรือเท่ากับ 400 ซีซี | C14: 919 | D14: 803 | E14: =((D14-C14)/C14)*100 -> -12.622416 | F14: 897 | G14: 803 | H14: =(G14-F14)/F14*100 -> -10.479376 | J14: - มากกว่าหรือเท่ากับ 400 ซีซี | K14: 824 | L14: 897 | M14: =((L14-K14)/K14)*100 -> 8.8592233 | N14: 1069 | O14: 897 | P14: =(O14-N14)/N14*100 -> -16.089804 | R14: - มากกว่าหรือเท่ากับ 400 ซีซี | S14: 1018 | T14: 1069 | U14: =((T14-S14)/S14)*100 -> 5.0098232 | V14: 1354 | W14: 1069 | X14: =(W14-V14)/V14*100 -> -21.048744 | Z14: - มากกว่าหรือเท่ากับ 400 ซีซี | AA14: 1022 | AB14: 1354 | AC14: =((AB14-AA14)/AA14)*100 -> 32.485323 | AD14: 1325 | AE14: 1354 | AF14: =(AE14-AD14)/AD14*100 -> 2.1886792 | AH14: - มากกว่าหรือเท่ากับ 400 ซีซี | AI14: 1181 | AJ14: 1325 | AK14: =((AJ14-AI14)/AI14)*100 -> 12.193057 | AL14: 1470 | AM14: 1325 | AN14: =(AM14-AL14)/AL14*100 -> -9.8639456 | AQ14: - มากกว่าหรือเท่ากับ 400 ซีซี | AR14: 1558 | AS14: 1470 | AT14: =((AS14-AR14)/AR14)*100 -> -5.648267 | AU14: 1886 | AV14: 1470 | AW14: =(AV14-AU14)/AU14*100 -> -22.057264 | AZ14: - มากกว่าหรือเท่ากับ 400 ซีซี | BA14: 1823 | BB14: 1886 | BC14: =((BB14-BA14)/BA14)*100 -> 3.455842 | BD14: 2236 | BE14: 1886 | BF14: =(BE14-BD14)/BD14*100 -> -15.652952 | BH14: - มากกว่าหรือเท่ากับ 400 ซีซี | BI14: 2404 | BJ14: 2236 | BK14: =((BJ14-BI14)/BI14)*100 -> -6.9883527 | BL14: 2255 | BM14: 2236 | BN14: =(BM14-BL14)/BL14*100 -> -0.84257206 | BQ14: - มากกว่าหรือเท่ากับ 400 ซีซี | BR14: 2709 | BS14: 2255 | BT14: =((BS14-BR14)/BR14)*100 -> -16.758952 | BV14: 2255
A15: ส่งออก | B15: (CBU&CKD) | C15: 89570 | D15: =D16+D17 -> 80554 | E15: =((D15-C15)/C15)*100 -> -10.06587 | F15: 81225 | G15: 80554 | H15: =(G15-F15)/F15*100 -> -0.82610034 | I15: ส่งออก | J15: (CBU&CKD) | K15: 175066 | L15: 81225 | M15: =((L15-K15)/K15)*100 -> -53.603213 | N15: 76148 | O15: 81225 | P15: =(O15-N15)/N15*100 -> 6.6672795 | Q15: ส่งออก | R15: (CBU&CKD) | S15: 68136 | T15: 76148 | U15: =((T15-S15)/S15)*100 -> 11.758835 | V15: 89707 | W15: 76148 | X15: =(W15-V15)/V15*100 -> -15.114763 | Y15: ส่งออก | Z15: (CBU&CKD) | AA15: 90971 | AB15: 89707 | AC15: =((AB15-AA15)/AA15)*100 -> -1.3894538 | AD15: 81029 | AE15: 89707 | AF15: =(AE15-AD15)/AD15*100 -> 10.709746 | AG15: ส่งออก | AH15: (CBU&CKD) | AI15: 78919 | AJ15: 81029 | AK15: =((AJ15-AI15)/AI15)*100 -> 2.6736274 | AL15: 67261 | AM15: 81029 | AN15: =(AM15-AL15)/AL15*100 -> 20.469514 | AP15: ส่งออก | AQ15: (CBU&CKD) | AR15: 68871 | AS15: 67261 | AT15: =((AS15-AR15)/AR15)*100 -> -2.3377038 | AU15: 94167 | AV15: 67261 | AW15: =(AV15-AU15)/AU15*100 -> -28.572642 | AY15: ส่งออก | AZ15: (CBU&CKD) | BA15: 84047 | BB15: 94167 | BC15: =((BB15-BA15)/BA15)*100 -> 12.040882 | BD15: 86277 | BE15: 94167 | BF15: =(BE15-BD15)/BD15*100 -> 9.1449633 | BH15: (CBU&CKD) | BI15: 61602 | BJ15: 86277 | BK15: =((BJ15-BI15)/BI15)*100 -> 40.055518 | BL15: 81842 | BM15: 86277 | BN15: =(BM15-BL15)/BL15*100 -> 5.418978 | BP15: ส่งออก | BQ15: (CBU&CKD) | BR15: 61536 | BS15: 81842 | BT15: =((BS15-BR15)/BR15)*100 -> 32.99857 | BU15: 97248 | BV15: 81842 | BW15: =(BV15-BU15)/BU15*100 -> -15.841971 | BY15: ส่งออก | BZ15: (CBU&CKD) | CA15: 77343 | CB15: 97248 | CC15: =((CB15-CA15)/CA15)*100 -> 25.736007 | CD15: 83791 | CE15: 97248 | CF15: =(CE15-CD15)/CD15*100 -> 16.060197 | CH15: ส่งออก | CI15: (CBU&CKD) | CJ15: =ต.ค.!CI15 -> 63462 | CK15: =CN15 -> #REF! | CL15: =((CK15-CJ15)/CJ15)*100 -> #REF! | CM15: =#REF! -> #REF! | CN15: =#REF! -> #REF! | CO15: =(CN15-CM15)/CM15*100 -> #REF! | CQ15: ส่งออก | CR15: (CBU&CKD) | CS15: =SUM(CS16:CS17) -> 71836 | CT15: =SUM(CT16:CT17) -> 88054 | CU15: =((CT15-CS15)/CS15)*100 -> 22.576424 | CV15: =SUM(CV16:CV17) -> 81595 | CW15: 88054 | CX15: =((CW15-CV15)/CV15)*100 -> 7.9159262 | CZ15: ส่งออก | DA15: (CBU&CKD) | DB15: =SUM(DB16:DB17) -> 70356 | DC15: =SUM(DC16:DC17) -> 81595 | DD15: =((DC15-DB15)/DB15)*100 -> 15.974473 | DE15: 55796 | DF15: =SUM(DF16:DF17) -> 81595 | DG15: =((DF15-DE15)/DE15)*100 -> 46.238082 | DI15: ส่งออก | DJ15: (CBU&CKD) | DK15: 81409 | DL15: =SUM(DL16:DL17) -> 37896 | DM15: =((DL15-DK15)/DK15)*100 -> -53.449864 | DN15: 93967 | DO15: 55796 | DP15: =((DO15-DN15)/DN15)*100 -> -40.621708 | DR15: ส่งออก | DS15: (CBU&CKD) | DT15: 78247 | DU15: =SUM(DU16:DU17) -> 93967 | DV15: =((DU15-DT15)/DT15)*100 -> 20.090227 | DW15: 72299 | DX15: =SUM(DX16:DX17) -> 93967 | DY15: =((DX15-DW15)/DW15)*100 -> 29.969986 | EA15: ส่งออก | EB15: (CBU&CKD) | EC15: 55047 | ED15: =SUM(ED16:ED17) -> 72299 | EE15: =((ED15-EC15)/EC15)*100 -> 31.340491 | EF15: =SUM(EF16:EF17) -> 70581 | EG15: 72299 | EH15: =((EG15-EF15)/EF15)*100 -> 2.4340828 | EJ15: ส่งออก | EK15: (CBU&CKD) | EL15: =EL16+EL17 -> 55048 | EM15: =SUM(EM16:EM17) -> 70581 | EN15: =((EM15-EL15)/EL15)*100 -> 28.217192 | EO15: 144852 | EP15: =SUM(EP16:EP17) -> 70581 | EQ15: =((EP15-EO15)/EO15)*100 -> -51.273714 | ES15: ส่งออก | ET15: (CBU&CKD) | EU15: =EU16+EU17 -> 170398 | EV15: =EV16+EV17 -> 144852 | EW15: =(EV15-EU15)/EU15*100 -> -14.99196 | EX15: =EX16+EX17 -> 137546 | EY15: =EY16+EY17 -> 144852 | EZ15: =(EY15-EX15)/EX15*100 -> 5.3116775 | FB15: 50558 | FC15: 57800 | FD15: =((FC15-FB15)/FB15)*100 -> 14.324143 | FE15: 63417 | FF15: =FC15 -> 57800 | FG15: =((FF15-FE15)/FE15)*100 -> -8.8572465 | FI15: จำหน่าย | FJ15: 57397 | FK15: 63417 | FL15: =(FK15-FJ15)/FJ15*100 -> 10.488353 | FM15: 58578 | FN15: 63417 | FO15: =(FN15-FM15)/FM15*100 -> 8.2607805
B16: CBU | C16: 30898 | D16: 27081 | E16: =((D16-C16)/C16)*100 -> -12.35355 | F16: 35827 | G16: 27081 | H16: =(G16-F16)/F16*100 -> -24.411756 | J16: CBU | K16: 29681 | L16: 35827 | M16: =((L16-K16)/K16)*100 -> 20.706849 | N16: 43347 | O16: 35827 | P16: =(O16-N16)/N16*100 -> -17.348375 | R16: CBU | S16: 35606 | T16: 43347 | U16: =((T16-S16)/S16)*100 -> 21.740718 | V16: 40697 | W16: 43347 | X16: =(W16-V16)/V16*100 -> 6.5115365 | Z16: CBU | AA16: 45711 | AB16: 40697 | AC16: =((AB16-AA16)/AA16)*100 -> -10.968913 | AD16: 37890 | AE16: 40697 | AF16: =(AE16-AD16)/AD16*100 -> 7.4082871 | AH16: CBU | AI16: 30989 | AJ16: 37890 | AK16: =((AJ16-AI16)/AI16)*100 -> 22.269192 | AL16: 28819 | AM16: 37890 | AN16: =(AM16-AL16)/AL16*100 -> 31.475763 | AQ16: CBU | AR16: 25363 | AS16: 28819 | AT16: =((AS16-AR16)/AR16)*100 -> 13.626148 | AU16: 31277 | AV16: 28819 | AW16: =(AV16-AU16)/AU16*100 -> -7.85881 | AZ16: CBU | BA16: 26057 | BB16: 31277 | BC16: =((BB16-BA16)/BA16)*100 -> 20.033005 | BD16: 32174 | BE16: 31277 | BF16: =(BE16-BD16)/BD16*100 -> -2.7879654 | BH16: CBU | BI16: 27590 | BJ16: 32174 | BK16: =((BJ16-BI16)/BI16)*100 -> 16.614715 | BL16: 33822 | BM16: 32174 | BN16: =(BM16-BL16)/BL16*100 -> -4.8725682 | BQ16: CBU | BR16: 29839 | BS16: 33822 | BT16: =((BS16-BR16)/BR16)*100 -> 13.348303 | BU16: 29934 | BV16: 33822 | BW16: =(BV16-BU16)/BU16*100 -> 12.988575 | BZ16: CBU | CA16: 22683 | CB16: 29934 | CC16: =((CB16-CA16)/CA16)*100 -> 31.966671 | CD16: 25247 | CE16: 29934 | CF16: =(CE16-CD16)/CD16*100 -> 18.564582 | CI16: CBU | CJ16: =ต.ค.!CI16 -> 22328 | CK16: =CN16 -> #REF! | CL16: =((CK16-CJ16)/CJ16)*100 -> #REF! | CM16: =#REF! -> #REF! | CN16: =#REF! -> #REF! | CO16: =(CN16-CM16)/CM16*100 -> #REF! | CR16: CBU | CS16: 26469 | CT16: 29331 | CU16: =((CT16-CS16)/CS16)*100 -> 10.812649 | CV16: 24053 | CW16: 29331 | CX16: =((CW16-CV16)/CV16)*100 -> 21.943209 | DA16: CBU | DB16: 26183 | DC16: 24053 | DD16: =((DC16-DB16)/DB16)*100 -> -8.1350495 | DE16: 1978 | DF16: 24053 | DG16: =((DF16-DE16)/DE16)*100 -> 1116.0263 | DJ16: CBU | DK16: 17114 | DL16: 1978 | DM16: =((DL16-DK16)/DK16)*100 -> -88.442211 | DN16: 15407 | DO16: 1978 | DP16: =((DO16-DN16)/DN16)*100 -> -87.16168 | DS16: CBU | DT16: 15552 | DU16: 15407 | DV16: =((DU16-DT16)/DT16)*100 -> -0.93235597 | DW16: 8081 | DX16: 15407 | DY16: =((DX16-DW16)/DW16)*100 -> 90.657097 | EB16: CBU | EC16: 6237 | ED16: 8081 | EE16: =((ED16-EC16)/EC16)*100 -> 29.565496 | EF16: 16348 | EG16: 8081 | EH16: =((EG16-EF16)/EF16)*100 -> -50.568877 | EK16: CBU | EL16: 8961 | EM16: 16348 | EN16: =((EM16-EL16)/EL16)*100 -> 82.434996 | EO16: 7072 | EP16: 16348 | EQ16: =((EP16-EO16)/EO16)*100 -> 131.16516 | ET16: CBU | EU16: 8673 | EV16: 7072 | EW16: =(EV16-EU16)/EU16*100 -> -18.459587 | EX16: 6149 | EY16: 7072 | EZ16: =(EY16-EX16)/EX16*100 -> 15.010571 | FB16: 41776 | FC16: 44085 | FD16: =((FC16-FB16)/FB16)*100 -> 5.5270969 | FE16: 40952 | FF16: =FC16 -> 44085 | FG16: =((FF16-FE16)/FE16)*100 -> 7.65042 | FI16: ส่งออก | FJ16: 49725 | FK16: 40952 | FL16: =(FK16-FJ16)/FJ16*100 -> -17.643037 | FM16: 25116 | FN16: 40952 | FO16: =(FN16-FM16)/FM16*100 -> 63.051441
B17: CKD | C17: 58672 | D17: 53473 | E17: =((D17-C17)/C17)*100 -> -8.8611263 | F17: 45398 | G17: 53473 | H17: =(G17-F17)/F17*100 -> 17.787127 | J17: CKD | K17: 145385 | L17: 45398 | M17: =((L17-K17)/K17)*100 -> -68.773945 | N17: 32801 | O17: 45398 | P17: =(O17-N17)/N17*100 -> 38.404317 | R17: CKD | S17: 32530 | T17: 32801 | U17: =((T17-S17)/S17)*100 -> 0.83307716 | V17: 49010 | W17: 32801 | X17: =(W17-V17)/V17*100 -> -33.072842 | Z17: CKD | AA17: 45260 | AB17: 49010 | AC17: =((AB17-AA17)/AA17)*100 -> 8.2854618 | AD17: 43139 | AE17: 49010 | AF17: =(AE17-AD17)/AD17*100 -> 13.609495 | AH17: CKD | AI17: 47930 | AJ17: 43139 | AK17: =((AJ17-AI17)/AI17)*100 -> -9.9958272 | AL17: 38442 | AM17: 43139 | AN17: =(AM17-AL17)/AL17*100 -> 12.218407 | AQ17: CKD | AR17: 43508 | AS17: 38442 | AT17: =((AS17-AR17)/AR17)*100 -> -11.643836 | AU17: 62890 | AV17: 38442 | AW17: =(AV17-AU17)/AU17*100 -> -38.874225 | AZ17: CKD | BA17: 57990 | BB17: 62890 | BC17: =((BB17-BA17)/BA17)*100 -> 8.4497327 | BD17: 54103 | BE17: 62890 | BF17: =(BE17-BD17)/BD17*100 -> 16.241244 | BH17: CKD | BI17: 34012 | BJ17: 54103 | BK17: =((BJ17-BI17)/BI17)*100 -> 59.070328 | BL17: 48020 | BM17: 54103 | BN17: =(BM17-BL17)/BL17*100 -> 12.667638 | BQ17: CKD | BR17: 31697 | BS17: 48020 | BT17: =((BS17-BR17)/BR17)*100 -> 51.496987 | BU17: 67314 | BV17: 48020 | BW17: =(BV17-BU17)/BU17*100 -> -28.662685 | BZ17: CKD | CA17: 54660 | CB17: 67314 | CC17: =((CB17-CA17)/CA17)*100 -> 23.150384 | CD17: 58544 | CE17: 67314 | CF17: =(CE17-CD17)/CD17*100 -> 14.980186 | CI17: CKD | CJ17: =ต.ค.!CI17 -> 41134 | CK17: =CN17 -> #REF! | CL17: =((CK17-CJ17)/CJ17)*100 -> #REF! | CM17: =#REF! -> #REF! | CN17: =#REF! -> #REF! | CO17: =(CN17-CM17)/CM17*100 -> #REF! | CR17: CKD | CS17: 45367 | CT17: 58723 | CU17: =((CT17-CS17)/CS17)*100 -> 29.439901 | CV17: 57542 | CW17: 58723 | CX17: =((CW17-CV17)/CV17)*100 -> 2.0524139 | DA17: CKD | DB17: 44173 | DC17: 57542 | DD17: =((DC17-DB17)/DB17)*100 -> 30.265094 | DE17: 35918 | DF17: 57542 | DG17: =((DF17-DE17)/DE17)*100 -> 60.203798 | DJ17: CKD | DK17: 64295 | DL17: 35918 | DM17: =((DL17-DK17)/DK17)*100 -> -44.135625 | DN17: 78560 | DO17: 35918 | DP17: =((DO17-DN17)/DN17)*100 -> -54.279532 | DS17: CKD | DT17: 62695 | DU17: 78560 | DV17: =((DU17-DT17)/DT17)*100 -> 25.305048 | DW17: 64218 | DX17: 78560 | DY17: =((DX17-DW17)/DW17)*100 -> 22.333302 | EB17: CKD | EC17: 48810 | ED17: 64218 | EE17: =((ED17-EC17)/EC17)*100 -> 31.567302 | EF17: 54233 | EG17: 64218 | EH17: =((EG17-EF17)/EF17)*100 -> 18.411299 | EK17: CKD | EL17: 46087 | EM17: 54233 | EN17: =((EM17-EL17)/EL17)*100 -> 17.675266 | EO17: 137780 | EP17: 54233 | EQ17: =((EP17-EO17)/EO17)*100 -> -60.637974 | ET17: CKD | EU17: 161725 | EV17: 137780 | EW17: =(EV17-EU17)/EU17*100 -> -14.805998 | EX17: 131397 | EY17: 137780 | EZ17: =(EY17-EX17)/EX17*100 -> 4.8577974
B18: ล้านบาท | C18: 5429.8547 | D18: 5160.9006 | E18: =((D18-C18)/C18)*100 -> -4.9532463 | F18: 5855.6035 | G18: 5160.9006 | H18: =(G18-F18)/F18*100 -> -11.863899 | J18: ล้านบาท | K18: 6562.9002 | L18: 5855.6035 | M18: =((L18-K18)/K18)*100 -> -10.777197 | N18: 6849.0454 | O18: 5855.6035 | P18: =(O18-N18)/N18*100 -> -14.504823 | R18: ล้านบาท | S18: 5627.7133 | T18: 6849.0454 | U18: =((T18-S18)/S18)*100 -> 21.702102 | V18: 6595.988 | W18: 6849.0454 | X18: =(W18-V18)/V18*100 -> 3.8365346 | Z18: ล้านบาท | AA18: 7409.2136 | AB18: 6595.988 | AC18: =((AB18-AA18)/AA18)*100 -> -10.975869 | AD18: 5798.69 | AE18: 6595.988 | AF18: =(AE18-AD18)/AD18*100 -> 13.749623 | AH18: ล้านบาท | AI18: 5544.33 | AJ18: 5798.69 | AK18: =((AJ18-AI18)/AI18)*100 -> 4.58775 | AL18: 5968.19 | AM18: 5798.69 | AN18: =(AM18-AL18)/AL18*100 -> -2.840057 | AQ18: ล้านบาท | AR18: 4737.71 | AS18: 5968.19 | AT18: =((AS18-AR18)/AR18)*100 -> 25.972041 | AU18: 6939.76 | AV18: 5968.19 | AW18: =(AV18-AU18)/AU18*100 -> -14.000052 | AZ18: ล้านบาท | BA18: 5647.74 | BB18: 6939.76 | BC18: =((BB18-BA18)/BA18)*100 -> 22.876761 | BD18: 5886.98 | BE18: 6939.76 | BF18: =(BE18-BD18)/BD18*100 -> 17.883193 | BH18: ล้านบาท | BI18: 4769.06 | BJ18: 5886.98 | BK18: =((BJ18-BI18)/BI18)*100 -> 23.441097 | BL18: 5346.67 | BM18: 5886.98 | BN18: =(BM18-BL18)/BL18*100 -> 10.105542 | BQ18: ล้านบาท | BR18: 4193.06 | BS18: 5346.67 | BT18: =((BS18-BR18)/BR18)*100 -> 27.512366 | BU18: 4330.19 | BV18: 5346.67 | BW18: =(BV18-BU18)/BU18*100 -> 23.474259 | BZ18: ล้านบาท | CA18: 3350.06 | CB18: 4330.19 | CC18: =((CB18-CA18)/CA18)*100 -> 29.257088 | CD18: 3845.65 | CE18: 4330.19 | CF18: =(CE18-CD18)/CD18*100 -> 12.599691 | CI18: ล้านบาท | CJ18: =ต.ค.!CI18 -> 2945.3 | CK18: =CN18 -> #REF! | CL18: =((CK18-CJ18)/CJ18)*100 -> #REF! | CM18: =#REF! -> #REF! | CN18: =#REF! -> #REF! | CO18: =(CN18-CM18)/CM18*100 -> #REF! | CR18: ล้านบาท | CS18: 4106.66 | CT18: 4758.21 | CU18: =((CT18-CS18)/CS18)*100 -> 15.865691 | CV18: 2594.46 | CW18: 4758.21 | CX18: =((CW18-CV18)/CV18)*100 -> 83.398858 | DA18: ล้านบาท | DB18: 2836.98 | DC18: 2594.49 | DD18: =((DC18-DB18)/DB18)*100 -> -8.5474695 | DE18: 336.21 | DF18: 2594.49 | DG18: =((DF18-DE18)/DE18)*100 -> 671.68734 | DJ18: ล้านบาท | DK18: 1674.04 | DL18: 336.21 | DM18: =((DL18-DK18)/DK18)*100 -> -79.916251 | DN18: 2554.63 | DO18: 336.21 | DP18: =((DO18-DN18)/DN18)*100 -> -86.83919 | DS18: ล้านบาท | DT18: 2523.01 | DU18: 2554.63 | DV18: =((DU18-DT18)/DT18)*100 -> 1.2532649 | DW18: 1817.36 | DX18: 2554.63 | DY18: =((DX18-DW18)/DW18)*100 -> 40.568187 | EB18: ล้านบาท | EC18: 1354.37 | ED18: 1817.36 | EE18: =((ED18-EC18)/EC18)*100 -> 34.184898 | EF18: 2763.42 | EG18: 1817.36 | EH18: =((EG18-EF18)/EF18)*100 -> -34.235114 | EK18: ล้านบาท | EL18: 1680.86 | EM18: 2763.42 | EN18: =((EM18-EL18)/EL18)*100 -> 64.405126 | EO18: 2452.01 | EP18: 2763.42 | EQ18: =((EP18-EO18)/EO18)*100 -> 12.700193 | ET18: ล้านบาท | EU18: 2646.46 | EV18: 2452.01 | EW18: =(EV18-EU18)/EU18*100 -> -7.3475511 | EX18: 2074.75 | EY18: 2452.01 | EZ18: =(EY18-EX18)/EX18*100 -> 18.183396
C20: รถยนต์ พ.ย. 68 | K20: รถยนต์ พ.ย. 67 | S20: รถยนต์ พ.ย. 66 | AA20: รถยนต์ พ.ย. 65 | AI20: รถยนต์ พ.ย. 64 | AR20: รถยนต์ พ.ย. 63 | BA20: รถยนต์ พ.ย. 62 | BI20: รถยนต์ พ.ย. 61 | BR20: รถยนต์ พ.ย. 59 | CA20: รถยนต์ พ.ย. 59 | CJ20: รถยนต์ พย 56 | CS20: รถยนต์ พย 56 | DB20: รถยนต์ พย 55 | DK20: รถยนต์ พย 54 | DT20: รถยนต์ พย 53 | EC20: รถยนต์ พย 52 | EL20: รถยนต์ พย 51 | EU20: รถยนต์ พย 50
C21: ต.ค.68 | D21: พ.ย.68 | E21: ร้อยละ | F21: พ.ย.67 | G21: พ.ย.68 | H21: ร้อยละ | K21: ต.ค.67 | L21: พ.ย.67 | M21: ร้อยละ | N21: พ.ย.66 | O21: พ.ย.67 | P21: ร้อยละ | S21: ต.ค.66 | T21: พ.ย.66 | U21: ร้อยละ | V21: 24047 | W21: พ.ย.66 | X21: ร้อยละ | AA21: 24016 | AB21: 24047 | AC21: ร้อยละ | AD21: 23682 | AE21: 24047 | AF21: ร้อยละ | AI21: ต.ค.64 | AJ21: พ.ย.64 | AK21: ร้อยละ | AL21: พ.ย. 63 | AM21: พ.ย. 64 | AN21: ร้อยละ | AR21: ต.ค.63 | AS21: พ.ย.63 | AT21: ร้อยละ | AU21: พ.ย. 62 | AV21: พ.ย. 63 | AW21: ร้อยละ | BA21: 22920 | BB21: 22951 | BC21: ร้อยละ | BD21: 22586 | BE21: 22951 | BF21: ร้อยละ | BI21: ต.ค.61 | BJ21: พ.ย.61 | BK21: ร้อยละ | BL21: พ.ย. 60 | BM21: พ.ย. 61 | BN21: ร้อยละ | BR21: ต.ค.60 | BS21: พ.ย.60 | BT21: ร้อยละ | BU21: พ.ย. 59 | BV21: พ.ย. 60 | BW21: ร้อยละ | CA21: ต.ค.59 | CB21: พ.ย.59 | CC21: ร้อยละ | CD21: พ.ย. 58 | CE21: พ.ย. 59 | CF21: ร้อยละ | CJ21: =CJ2 -> ตค 58 | CK21: =CK2 -> พย 58 | CL21: =CL2 -> ร้อยละ | CM21: =CM2 -> พย 57 | CN21: =CN2 -> พย 58 | CO21: =CO2 -> ร้อยละ | CS21: ตค 56 | CT21: พย 56 | CU21: ร้อยละ | CV21: พย 55 | CW21: พย 56 | CX21: ร้อยละ | DB21: ตค 55 | DC21: พย 55 | DD21: ร้อยละ | DE21: พย 54 | DF21: พย 55 | DG21: ร้อยละ | DK21: ตค 54 | DL21: พย 54 | DM21: ร้อยละ | DN21: พย 53 | DO21: พย 54 | DP21: ร้อยละ | DT21: ตค 53 | DU21: พย 53 | DV21: ร้อยละ | DW21: พย 52 | DX21: พย 53 | DY21: ร้อยละ | EC21: 19268 | ED21: 19299 | EE21: ร้อยละ | EF21: พย 51 | EG21: พย 52 | EH21: ร้อยละ | EL21: 18902 | EM21: 18933 | EN21: ร้อยละ | EO21: พย 50 | EP21: พย 51 | EQ21: ร้อยละ | EU21: 18537 | EV21: 18568 | EW21: ร้อยละ | EX21: 18203 | EY21: 18568 | EZ21: ร้อยละ
A22: ผลิต | C22: 135685 | D22: 130222 | E22: =((D22-C22)/C22)*100 -> -4.0262372 | F22: 117251 | G22: 130222 | H22: =(G22-F22)/F22*100 -> 11.062592 | I22: ผลิต | K22: 118346 | L22: 117251 | M22: =((L22-K22)/K22)*100 -> -0.92525307 | N22: 163337 | O22: 117251 | P22: =(O22-N22)/N22*100 -> -28.215285 | Q22: ผลิต | S22: 158734 | T22: 163337 | U22: =((T22-S22)/S22)*100 -> 2.8998198 | V22: 190155 | W22: 163337 | X22: =(W22-V22)/V22*100 -> -14.103232 | Y22: ผลิต | AA22: 170717 | AB22: 190155 | AC22: =((AB22-AA22)/AA22)*100 -> 11.386095 | AD22: 165353 | AE22: 190155 | AF22: =(AE22-AD22)/AD22*100 -> 14.999425 | AG22: ผลิต | AI22: 154038 | AJ22: 165353 | AK22: =((AJ22-AI22)/AI22)*100 -> 7.34559 | AL22: 172455 | AM22: 165353 | AN22: =(AM22-AL22)/AL22*100 -> -4.1181758 | AP22: ผลิต | AR22: 149159 | AS22: 172455 | AT22: =((AS22-AR22)/AR22)*100 -> 15.618233 | AU22: 154088 | AV22: 172455 | AW22: =(AV22-AU22)/AU22*100 -> 11.919812 | AY22: ผลิต | BA22: 152787 | BB22: 154088 | BC22: =((BB22-BA22)/BA22)*100 -> 0.85151224 | BD22: 197020 | BE22: 154088 | BF22: =(BE22-BD22)/BD22*100 -> -21.790681 | BI22: 197203 | BJ22: 197020 | BK22: =((BJ22-BI22)/BI22)*100 -> -0.092797777 | BL22: 190385 | BM22: 197020 | BN22: =(BM22-BL22)/BL22*100 -> 3.4850435 | BP22: ผลิต | BR22: 163487 | BS22: 190385 | BT22: =((BS22-BR22)/BR22)*100 -> 16.452684 | BU22: 170784 | BV22: 190385 | BW22: =(BV22-BU22)/BU22*100 -> 11.47707 | BY22: ผลิต | CA22: 161105 | CB22: 170784 | CC22: =((CB22-CA22)/CA22)*100 -> 6.0078831 | CD22: 163170 | CE22: 170784 | CF22: =(CE22-CD22)/CD22*100 -> 4.666299 | CH22: ผลิต | CJ22: =ต.ค.!CI22 -> 165381 | CK22: =CN22 -> #REF! | CL22: =((CK22-CJ22)/CJ22)*100 -> #REF! | CM22: =#REF! -> #REF! | CN22: =#REF! -> #REF! | CO22: =(CN22-CM22)/CM22*100 -> #REF! | CQ22: ผลิต | CS22: 185117 | CT22: =SUM(CT23:CT25) -> 182818 | CU22: =((CT22-CS22)/CS22)*100 -> -1.2419173 | CV22: =SUM(CV23:CV25) -> 256581 | CW22: 182818 | CX22: =((CW22-CV22)/CV22)*100 -> -28.748426 | CZ22: ผลิต | DB22: =SUM(DB23:DB25) -> 252165 | DC22: =SUM(DC23:DC25) -> 256581 | DD22: =((DC22-DB22)/DB22)*100 -> 1.7512343 | DE22: 23695 | DF22: =SUM(DF23:DF25) -> 256581 | DG22: =((DF22-DE22)/DE22)*100 -> 982.8487 | DI22: ผลิต | DK22: 49439 | DL22: =SUM(DL23:DL25) -> 23695 | DM22: =((DL22-DK22)/DK22)*100 -> -52.072251 | DN22: 157094 | DO22: 23695 | DP22: =((DO22-DN22)/DN22)*100 -> -84.916674 | DR22: ผลิต | DT22: =SUM(DT23:DT25) -> 152689 | DU22: =SUM(DU23:DU25) -> 157094 | DV22: =((DU22-DT22)/DT22)*100 -> 2.8849491 | DW22: 120985 | DX22: =SUM(DX23:DX25) -> 157094 | DY22: =((DX22-DW22)/DW22)*100 -> 29.845849 | EA22: ผลิต | EC22: 115043 | ED22: =SUM(ED23:ED25) -> 120985 | EE22: =((ED22-EC22)/EC22)*100 -> 5.1650253 | EF22: =SUM(EF23:EF25) -> 116041 | EG22: 120985 | EH22: =((EG22-EF22)/EF22)*100 -> 4.2605631 | EJ22: ผลิต | EL22: =SUM(EL23:EL25) -> 124656 | EM22: =SUM(EM23:EM25) -> 116052 | EN22: =((EM22-EL22)/EL22)*100 -> -6.9021948 | EO22: 125071 | EP22: 116052 | EQ22: =((EP22-EO22)/EO22)*100 -> -7.2111041 | ES22: ผลิต | EU22: =SUM(EU23:EU25) -> 123845 | EV22: =SUM(EV23:EV25) -> 125071 | EW22: =(EV22-EU22)/EU22*100 -> 0.98994711 | EX22: 101117 | EY22: =SUM(EY23:EY25) -> 125071 | EZ22: =(EY22-EX22)/EX22*100 -> 23.68939
B23: รถยนต์นั่ง | C23: 55048 | D23: 52006 | E23: =((D23-C23)/C23)*100 -> -5.5260863 | F23: 44582 | G23: 52006 | H23: =(G23-F23)/F23*100 -> 16.652461 | J23: รถยนต์นั่ง | K23: 46196 | L23: 44582 | M23: =((L23-K23)/K23)*100 -> -3.493809 | N23: 59532 | O23: 44582 | P23: =(O23-N23)/N23*100 -> -25.112545 | R23: รถยนต์นั่ง | S23: 56474 | T23: 59532 | U23: =((T23-S23)/S23)*100 -> 5.4148812 | V23: 69060 | W23: 59532 | X23: =(W23-V23)/V23*100 -> -13.796699 | Z23: รถยนต์นั่ง | AA23: 58674 | AB23: 69060 | AC23: =((AB23-AA23)/AA23)*100 -> 17.701196 | AD23: 55572 | AE23: 69060 | AF23: =(AE23-AD23)/AD23*100 -> 24.271216 | AH23: รถยนต์นั่ง | AI23: 55270 | AJ23: 55572 | AK23: =((AJ23-AI23)/AI23)*100 -> 0.54640854 | AL23: 65740 | AM23: 55572 | AN23: =(AM23-AL23)/AL23*100 -> -15.466991 | AQ23: รถยนต์นั่ง | AR23: 57990 | AS23: 65740 | AT23: =((AS23-AR23)/AR23)*100 -> 13.364373 | AU23: 60077 | AV23: 65740 | AW23: =(AV23-AU23)/AU23*100 -> 9.4262363 | AZ23: รถยนต์นั่ง | BA23: 60807 | BB23: 60077 | BC23: =((BB23-BA23)/BA23)*100 -> -1.2005197 | BD23: 77899 | BE23: 60077 | BF23: =(BE23-BD23)/BD23*100 -> -22.878342 | BH23: รถยนต์นั่ง | BI23: 76157 | BJ23: 77899 | BK23: =((BJ23-BI23)/BI23)*100 -> 2.28738 | BL23: 78928 | BM23: 77899 | BN23: =(BM23-BL23)/BL23*100 -> -1.3037198 | BQ23: รถยนต์นั่ง | BR23: 69769 | BS23: 78928 | BT23: =((BS23-BR23)/BR23)*100 -> 13.127607 | BU23: 68731 | BV23: 78928 | BW23: =(BV23-BU23)/BU23*100 -> 14.8361 | BZ23: รถยนต์นั่ง | CA23: 66528 | CB23: 68731 | CC23: =((CB23-CA23)/CA23)*100 -> 3.3113877 | CD23: 61246 | CE23: 68731 | CF23: =(CE23-CD23)/CD23*100 -> 12.221206 | CI23: รถยนต์นั่ง | CJ23: =ต.ค.!CI23 -> 59546 | CK23: =CN23 -> #REF! | CL23: =((CK23-CJ23)/CJ23)*100 -> #REF! | CM23: =#REF! -> #REF! | CN23: =#REF! -> #REF! | CO23: =(CN23-CM23)/CM23*100 -> #REF! | CR23: รถยนต์นั่ง | CS23: 79847 | CT23: 75669 | CU23: =((CT23-CS23)/CS23)*100 -> -5.2325072 | CV23: 112423 | CW23: 75669 | CX23: =((CW23-CV23)/CV23)*100 -> -32.692598 | DA23: รถยนต์นั่ง | DB23: 110050 | DC23: 112423 | DD23: =((DC23-DB23)/DB23)*100 -> 2.1562926 | DE23: 10094 | DF23: 112423 | DG23: =((DF23-DE23)/DE23)*100 -> 1013.7606 | DJ23: รถยนต์นั่ง | DK23: 16965 | DL23: 10094 | DM23: =((DL23-DK23)/DK23)*100 -> -40.501032 | DN23: 57536 | DO23: 10094 | DP23: =((DO23-DN23)/DN23)*100 -> -82.456201 | DS23: รถยนต์นั่ง | DT23: 54410 | DU23: =6636+29945+13449+4420+2632+243+211 -> 57536 | DV23: =((DU23-DT23)/DT23)*100 -> 5.7452674 | DW23: 36534 | DX23: =6636+29945+13449+4420+2632+243+211 -> 57536 | DY23: =((DX23-DW23)/DW23)*100 -> 57.486177 | EB23: รถยนต์นั่ง | EC23: 34002 | ED23: 36534 | EE23: =((ED23-EC23)/EC23)*100 -> 7.4466208 | EF23: 33975 | EG23: 36534 | EH23: =((EG23-EF23)/EF23)*100 -> 7.5320088 | EK23: รถยนต์นั่ง | EL23: 34551 | EM23: 33975 | EN23: =((EM23-EL23)/EL23)*100 -> -1.6671008 | EO23: 28618 | EP23: 33975 | EQ23: =((EP23-EO23)/EO23)*100 -> 18.718988 | ET23: รถยนต์นั่ง | EU23: =13404+7214+4247+4097+59+157 -> 29178 | EV23: 28618 | EW23: =(EV23-EU23)/EU23*100 -> -1.9192542 | EX23: 25283 | EY23: 28618 | EZ23: =(EY23-EX23)/EX23*100 -> 13.190681
B24: กระบะ 1 ตัน | C24: 78386 | D24: 76022 | E24: =((D24-C24)/C24)*100 -> -3.0158447 | F24: 70823 | G24: 76022 | H24: =(G24-F24)/F24*100 -> 7.3408356 | J24: กระบะ 1 ตัน | K24: 70514 | L24: 70823 | M24: =((L24-K24)/K24)*100 -> 0.43821085 | N24: 99234 | O24: 70823 | P24: =(O24-N24)/N24*100 -> -28.630308 | R24: กระบะ 1 ตัน | S24: 97702 | T24: 99234 | U24: =((T24-S24)/S24)*100 -> 1.5680334 | V24: 116794 | W24: 99234 | X24: =(W24-V24)/V24*100 -> -15.035019 | Z24: กระบะ 1 ตัน | AA24: 108003 | AB24: 116794 | AC24: =((AB24-AA24)/AA24)*100 -> 8.1395887 | AD24: 105197 | AE24: 116794 | AF24: =(AE24-AD24)/AD24*100 -> 11.024079 | AH24: กระบะ 1 ตัน | AI24: 94840 | AJ24: 105197 | AK24: =((AJ24-AI24)/AI24)*100 -> 10.920498 | AL24: 103153 | AM24: 105197 | AN24: =(AM24-AL24)/AL24*100 -> 1.9815226 | AQ24: กระบะ 1 ตัน | AR24: 87760 | AS24: 103153 | AT24: =((AS24-AR24)/AR24)*100 -> 17.539881 | AU24: 90761 | AV24: 103153 | AW24: =(AV24-AU24)/AU24*100 -> 13.653441 | AZ24: กระบะ 1 ตัน | BA24: 88532 | BB24: 90761 | BC24: =((BB24-BA24)/BA24)*100 -> 2.5177337 | BD24: 115545 | BE24: 90761 | BF24: =(BE24-BD24)/BD24*100 -> -21.449652 | BH24: กระบะ 1 ตัน | BI24: 117539 | BJ24: 115545 | BK24: =((BJ24-BI24)/BI24)*100 -> -1.6964582 | BL24: 107608 | BM24: 115545 | BN24: =(BM24-BL24)/BL24*100 -> 7.3758457 | BQ24: กระบะ 1 ตัน | BR24: 90310 | BS24: 107608 | BT24: =((BS24-BR24)/BR24)*100 -> 19.154025 | BU24: 98274 | BV24: 107608 | BW24: =(BV24-BU24)/BU24*100 -> 9.4979343 | BZ24: กระบะ 1 ตัน | CA24: 90982 | CB24: 98274 | CC24: =((CB24-CA24)/CA24)*100 -> 8.0147722 | CD24: 98943 | CE24: 98274 | CF24: =(CE24-CD24)/CD24*100 -> -0.67614687 | CI24: กระบะ 1 ตัน | CJ24: =ต.ค.!CI24 -> 102958 | CK24: =CN24 -> #REF! | CL24: =((CK24-CJ24)/CJ24)*100 -> #REF! | CM24: =#REF! -> #REF! | CN24: =#REF! -> #REF! | CO24: =(CN24-CM24)/CM24*100 -> #REF! | CR24: กระบะ 1 ตัน | CS24: 101946 | CT24: 103847 | CU24: =((CT24-CS24)/CS24)*100 -> 1.8647127 | CV24: 139536 | CW24: 103847 | CX24: =((CW24-CV24)/CV24)*100 -> -25.576912 | DA24: กระบะ 1 ตัน | DB24: 137788 | DC24: 139536 | DD24: =((DC24-DB24)/DB24)*100 -> 1.2686156 | DE24: 12574 | DF24: 139536 | DG24: =((DF24-DE24)/DE24)*100 -> 1009.7185 | DJ24: กระบะ 1 ตัน | DK24: 31297 | DL24: 12574 | DM24: =((DL24-DK24)/DK24)*100 -> -59.823625 | DN24: 97608 | DO24: 12574 | DP24: =((DO24-DN24)/DN24)*100 -> -87.117859 | DS24: กระบะ 1 ตัน | DT24: 95697 | DU24: =8423+40159+48138 -> 96720 | DV24: =((DU24-DT24)/DT24)*100 -> 1.068999 | DW24: 82741 | DX24: =8423+40159+48138 -> 96720 | DY24: =((DX24-DW24)/DW24)*100 -> 16.894889 | EB24: กระบะ 1 ตัน | EC24: 79322 | ED24: 82741 | EE24: =((ED24-EC24)/EC24)*100 -> 4.3102796 | EF24: 80750 | EG24: 82741 | EH24: =((EG24-EF24)/EF24)*100 -> 2.4656347 | EK24: กระบะ 1 ตัน | EL24: 88809 | EM24: 80750 | EN24: =((EM24-EL24)/EL24)*100 -> -9.0745307 | EO24: 94309 | EP24: 80750 | EQ24: =((EP24-EO24)/EO24)*100 -> -14.377207 | ET24: กระบะ 1 ตัน | EU24: =3801+40800+47921 -> 92522 | EV24: 94309 | EW24: =(EV24-EU24)/EU24*100 -> 1.9314325 | EX24: 74210 | EY24: 94309 | EZ24: =(EY24-EX24)/EX24*100 -> 27.083951
B25: รถยนต์พาณิชย์ | C25: 2251 | D25: =D22-D23-D24 -> 2194 | E25: =((D25-C25)/C25)*100 -> -2.5322079 | F25: 1846 | G25: 2194 | H25: =(G25-F25)/F25*100 -> 18.851571 | J25: รถยนต์พาณิชย์ | K25: 1636 | L25: 1846 | M25: =((L25-K25)/K25)*100 -> 12.836186 | N25: 4571 | O25: 1846 | P25: =(O25-N25)/N25*100 -> -59.614964 | R25: รถยนต์พาณิชย์ | S25: 4558 | T25: 4571 | U25: =((T25-S25)/S25)*100 -> 0.28521281 | V25: 4301 | W25: 4571 | X25: =(W25-V25)/V25*100 -> 6.2776099 | Z25: รถยนต์พาณิชย์ | AA25: 4040 | AB25: 4301 | AC25: =((AB25-AA25)/AA25)*100 -> 6.460396 | AD25: 4584 | AE25: 4301 | AF25: =(AE25-AD25)/AD25*100 -> -6.1736475 | AH25: รถยนต์พาณิชย์ | AI25: 3928 | AJ25: 4584 | AK25: =((AJ25-AI25)/AI25)*100 -> 16.700611 | AL25: 3562 | AM25: 4584 | AN25: =(AM25-AL25)/AL25*100 -> 28.691746 | AQ25: รถยนต์พาณิชย์ | AR25: 3409 | AS25: 3562 | AT25: =((AS25-AR25)/AR25)*100 -> 4.4881197 | AU25: 3250 | AV25: 3562 | AW25: =(AV25-AU25)/AU25*100 -> 9.6 | AZ25: รถยนต์พาณิชย์ | BA25: 3448 | BB25: 3250 | BC25: =((BB25-BA25)/BA25)*100 -> -5.7424594 | BD25: 3576 | BE25: 3250 | BF25: =(BE25-BD25)/BD25*100 -> -9.1163311 | BH25: รถยนต์พาณิชย์ | BI25: 3507 | BJ25: 3576 | BK25: =((BJ25-BI25)/BI25)*100 -> 1.9674936 | BL25: 3849 | BM25: 3576 | BN25: =(BM25-BL25)/BL25*100 -> -7.0927514 | BQ25: รถยนต์พาณิชย์ | BR25: 3408 | BS25: 3849 | BT25: =((BS25-BR25)/BR25)*100 -> 12.940141 | BU25: 3779 | BV25: 3849 | BW25: =(BV25-BU25)/BU25*100 -> 1.8523419 | BZ25: รถยนต์พาณิชย์ | CA25: 3595 | CB25: 3779 | CC25: =((CB25-CA25)/CA25)*100 -> 5.1182197 | CD25: 2981 | CE25: 3779 | CF25: =(CE25-CD25)/CD25*100 -> 26.76954 | CI25: รถยนต์พาณิชย์ | CJ25: =ต.ค.!CI25 -> 2877 | CK25: =CN25 -> #REF! | CL25: =((CK25-CJ25)/CJ25)*100 -> #REF! | CM25: =#REF! -> #REF! | CN25: =#REF! -> #REF! | CO25: =(CN25-CM25)/CM25*100 -> #REF! | CR25: รถยนต์พาณิชย์ | CS25: 3324 | CT25: 3302 | CU25: =((CT25-CS25)/CS25)*100 -> -0.66185319 | CV25: 4622 | CW25: 3302 | CX25: =((CW25-CV25)/CV25)*100 -> -28.559065 | DA25: รถยนต์พาณิชย์ | DB25: 4327 | DC25: 4622 | DD25: =((DC25-DB25)/DB25)*100 -> 6.8176566 | DE25: 1027 | DF25: 4622 | DG25: =((DF25-DE25)/DE25)*100 -> 350.04869 | DJ25: รถยนต์พาณิชย์ | DK25: 1177 | DL25: 1027 | DM25: =((DL25-DK25)/DK25)*100 -> -12.744265 | DN25: 2838 | DO25: 1027 | DP25: =((DO25-DN25)/DN25)*100 -> -63.812544 | DS25: รถยนต์พาณิชย์ | DT25: 2582 | DU25: =85+852+701+1200 -> 2838 | DV25: =((DU25-DT25)/DT25)*100 -> 9.9147947 | DW25: 1710 | DX25: =85+852+701+1200 -> 2838 | DY25: =((DX25-DW25)/DW25)*100 -> 65.964912 | EB25: รถยนต์พาณิชย์ | EC25: 1719 | ED25: 1710 | EE25: =((ED25-EC25)/EC25)*100 -> -0.52356021 | EF25: 1316 | EG25: 1710 | EH25: =((EG25-EF25)/EF25)*100 -> 29.93921 | EK25: รถยนต์พาณิชย์ | EL25: 1296 | EM25: 1327 | EN25: =((EM25-EL25)/EL25)*100 -> 2.3919753 | EO25: 2144 | EP25: 1327 | EQ25: =((EP25-EO25)/EO25)*100 -> -38.106343 | ET25: รถยนต์พาณิชย์ | EU25: =62+663+704+716 -> 2145 | EV25: 2144 | EW25: =(EV25-EU25)/EU25*100 -> -0.046620047 | EX25: 1624 | EY25: 2144 | EZ25: =(EY25-EX25)/EX25*100 -> 32.019704
A26: จำหน่าย | C26: 47032 | D26: 51044 | E26: =((D26-C26)/C26)*100 -> 8.5303623 | F26: 42309 | G26: 51044 | H26: =(G26-F26)/F26*100 -> 20.645725 | I26: จำหน่าย | K26: 37691 | L26: 42309 | M26: =((L26-K26)/K26)*100 -> 12.252262 | N26: 61621 | O26: 42309 | P26: =(O26-N26)/N26*100 -> -31.339965 | Q26: จำหน่าย | S26: 58963 | T26: 61621 | U26: =((T26-S26)/S26)*100 -> 4.5079117 | V26: 68284 | W26: 61621 | X26: =(W26-V26)/V26*100 -> -9.7577763 | Y26: จำหน่าย | AA26: 64618 | AB26: 68284 | AC26: =((AB26-AA26)/AA26)*100 -> 5.6733418 | AD26: 71716 | AE26: 68284 | AF26: =(AE26-AD26)/AD26*100 -> -4.785543 | AG26: จำหน่าย | AI26: 64462 | AJ26: 71716 | AK26: =((AJ26-AI26)/AI26)*100 -> 11.253141 | AL26: 79177 | AM26: 71716 | AN26: =(AM26-AL26)/AL26*100 -> -9.4231911 | AP26: จำหน่าย | AR26: 74115 | AS26: 79177 | AT26: =((AS26-AR26)/AR26)*100 -> 6.8299265 | AU26: =79299-2230 -> 77069 | AV26: 79177 | AW26: =(AV26-AU26)/AU26*100 -> 2.7352113 | AY26: จำหน่าย | BA26: 77121 | BB26: 79299 | BC26: =((BB26-BA26)/BA26)*100 -> 2.8241335 | BD26: 94643 | BE26: 79299 | BF26: =(BE26-BD26)/BD26*100 -> -16.212504 | BI26: 86931 | BJ26: 94643 | BK26: =((BJ26-BI26)/BI26)*100 -> 8.8714038 | BL26: 78082 | BM26: 94643 | BN26: =(BM26-BL26)/BL26*100 -> 21.209754 | BP26: จำหน่าย | BR26: 68551 | BS26: 78082 | BT26: =((BS26-BR26)/BR26)*100 -> 13.903517 | BU26: 64771 | BV26: 78082 | BW26: =(BV26-BU26)/BU26*100 -> 20.550864 | BY26: จำหน่าย | CA26: 60634 | CB26: 64771 | CC26: =((CB26-CA26)/CA26)*100 -> 6.8229046 | CD26: 76426 | CE26: 64771 | CF26: =(CE26-CD26)/CD26*100 -> -15.250046 | CH26: จำหน่าย | CJ26: =ต.ค.!CI26 -> 67910 | CK26: =CN26 -> #REF! | CL26: =((CK26-CJ26)/CJ26)*100 -> #REF! | CM26: =#REF! -> #REF! | CN26: =#REF! -> #REF! | CO26: =(CN26-CM26)/CM26*100 -> #REF! | CQ26: จำหน่าย | CS26: 88633 | CT26: =SUM(CT27:CT30) -> 93483 | CU26: =((CT26-CS26)/CS26)*100 -> 5.4720025 | CV26: =SUM(CV27:CV30) -> 148243 | CW26: 93483 | CX26: =((CW26-CV26)/CV26)*100 -> -36.93935 | CZ26: จำหน่าย | DB26: =SUM(DB27:DB30) -> 134159 | DC26: =SUM(DC27:DC30) -> 148243 | DD26: =((DC26-DB26)/DB26)*100 -> 10.497991 | DE26: 25664 | DF26: =SUM(DF27:DF30) -> 148243 | DG26: =((DF26-DE26)/DE26)*100 -> 477.63014 | DI26: จำหน่าย | DK26: 42873 | DL26: =SUM(DL27:DL30) -> 25664 | DM26: =((DL26-DK26)/DK26)*100 -> -40.139482 | DN26: 78874 | DO26: 25664 | DP26: =((DO26-DN26)/DN26)*100 -> -67.462028 | DR26: จำหน่าย | DT26: =SUM(DT27:DT30) -> 72012 | DU26: =SUM(DU27:DU30) -> 78874 | DV26: =((DU26-DT26)/DT26)*100 -> 9.5289674 | DW26: =SUM(DW27:DW30) -> 58323 | DX26: =SUM(DX27:DX30) -> 78874 | DY26: =((DX26-DW26)/DW26)*100 -> 35.236528 | EA26: จำหน่าย | EC26: 53271 | ED26: =SUM(ED27:ED30) -> 57031 | EE26: =((ED26-EC26)/EC26)*100 -> 7.0582493 | EF26: 46068 | EG26: 57031 | EH26: =((EG26-EF26)/EF26)*100 -> 23.79743 | EJ26: จำหน่าย | EL26: =SUM(EL27:EL30) -> 48942 | EM26: =SUM(EM27:EM30) -> 46068 | EN26: =((EM26-EL26)/EL26)*100 -> -5.872257 | EO26: 57719 | EP26: 46068 | EQ26: =((EP26-EO26)/EO26)*100 -> -20.185727 | ES26: จำหน่าย | EU26: =SUM(EU27:EU30) -> 57860 | EV26: =SUM(EV27:EV30) -> 57719 | EW26: =(EV26-EU26)/EU26*100 -> -0.24369167 | EX26: 57800 | EY26: =SUM(EY27:EY30) -> 57719 | EZ26: =(EY26-EX26)/EX26*100 -> -0.14013841
B27: รถยนต์นั่ง | C27: 20464 | D27: =D26-D28-D29-D30 -> 19240 | E27: =((D27-C27)/C27)*100 -> -5.9812353 | F27: 17918 | G27: 19240 | H27: =(G27-F27)/F27*100 -> 7.3780556 | J27: รถยนต์นั่ง | K27: 15447 | L27: 17918 | M27: =((L27-K27)/K27)*100 -> 15.996634 | N27: 24567 | O27: 17918 | P27: =(O27-N27)/N27*100 -> -27.064762 | R27: รถยนต์นั่ง | S27: 22130 | T27: 24567 | U27: =((T27-S27)/S27)*100 -> 11.012201 | V27: 20263 | W27: 24567 | X27: =(W27-V27)/V27*100 -> 21.240685 | Z27: รถยนต์นั่ง | AA27: 19468 | AB27: 20263 | AC27: =((AB27-AA27)/AA27)*100 -> 4.0836244 | AD27: 23793 | AE27: 20263 | AF27: =(AE27-AD27)/AD27*100 -> -14.836296 | AH27: รถยนต์นั่ง | AI27: 19950 | AJ27: 23793 | AK27: =((AJ27-AI27)/AI27)*100 -> 19.263158 | AL27: 25437 | AM27: 23793 | AN27: =(AM27-AL27)/AL27*100 -> -6.4630263 | AQ27: รถยนต์นั่ง | AR27: 22461 | AS27: 25437 | AT27: =((AS27-AR27)/AR27)*100 -> 13.249633 | AU27: =29646-2230 -> 27416 | AV27: 25437 | AW27: =(AV27-AU27)/AU27*100 -> -7.2184126 | AZ27: รถยนต์นั่ง | BA27: 30327 | BB27: 29646 | BC27: =((BB27-BA27)/BA27)*100 -> -2.2455238 | BD27: 35446 | BE27: 29646 | BF27: =(BE27-BD27)/BD27*100 -> -16.362918 | BH27: รถยนต์นั่ง | BI27: 32805 | BJ27: 35446 | BK27: =((BJ27-BI27)/BI27)*100 -> 8.050602 | BL27: 31435 | BM27: 35446 | BN27: =(BM27-BL27)/BL27*100 -> 12.759663 | BQ27: รถยนต์นั่ง | BR27: 28739 | BS27: 31435 | BT27: =((BS27-BR27)/BR27)*100 -> 9.3809805 | BU27: 23306 | BV27: 31435 | BW27: =(BV27-BU27)/BU27*100 -> 34.87943 | BZ27: รถยนต์นั่ง | CA27: 23117 | CB27: 23306 | CC27: =((CB27-CA27)/CA27)*100 -> 0.81758014 | CD27: 25732 | CE27: 23306 | CF27: =(CE27-CD27)/CD27*100 -> -9.4279496 | CI27: รถยนต์นั่ง | CJ27: =ต.ค.!CI27 -> 24273 | CK27: =CN27 -> #REF! | CL27: =((CK27-CJ27)/CJ27)*100 -> #REF! | CM27: =#REF! -> #REF! | CN27: =#REF! -> #REF! | CO27: =(CN27-CM27)/CM27*100 -> #REF! | CR27: รถยนต์นั่ง | CS27: 41859 | CT27: 40439 | CU27: =((CT27-CS27)/CS27)*100 -> -3.392341 | CV27: 77743 | CW27: 40439 | CX27: =((CW27-CV27)/CV27)*100 -> -47.983741 | DA27: รถยนต์นั่ง | DB27: 67013 | DC27: 77743 | DD27: =((DC27-DB27)/DB27)*100 -> 16.011819 | DE27: 12746 | DF27: 77743 | DG27: =((DF27-DE27)/DE27)*100 -> 509.94037 | DJ27: รถยนต์นั่ง | DK27: 19852 | DL27: 12746 | DM27: =((DL27-DK27)/DK27)*100 -> -35.794882 | DN27: 33594 | DO27: 12746 | DP27: =((DO27-DN27)/DN27)*100 -> -62.058701 | DS27: รถยนต์นั่ง | DT27: 32461 | DU27: 33594 | DV27: =((DU27-DT27)/DT27)*100 -> 3.4903423 | DW27: 24054 | DX27: 33594 | DY27: =((DX27-DW27)/DW27)*100 -> 39.660763 | EB27: รถยนต์นั่ง | EC27: 22747 | ED27: 24054 | EE27: =((ED27-EC27)/EC27)*100 -> 5.7458126 | EF27: 18176 | EG27: 24054 | EH27: =((EG27-EF27)/EF27)*100 -> 32.339349 | EK27: รถยนต์นั่ง | EL27: 18427 | EM27: 18176 | EN27: =((EM27-EL27)/EL27)*100 -> -1.3621317 | EO27: 13645 | EP27: 18176 | EQ27: =((EP27-EO27)/EO27)*100 -> 33.206303 | ET27: รถยนต์นั่ง | EU27: 15299 | EV27: 13645 | EW27: =(EV27-EU27)/EU27*100 -> -10.811164 | EX27: 16040 | EY27: 13645 | EZ27: =(EY27-EX27)/EX27*100 -> -14.931421
B28: กระบะ 1 ตัน | C28: 10120 | D28: 11580 | E28: =((D28-C28)/C28)*100 -> 14.426877 | F28: 11481 | G28: 11580 | H28: =(G28-F28)/F28*100 -> 0.86229423 | J28: กระบะ 1 ตัน | K28: 10896 | L28: 11481 | M28: =((L28-K28)/K28)*100 -> 5.3689427 | N28: 17853 | O28: 11481 | P28: =(O28-N28)/N28*100 -> -35.69148 | R28: กระบะ 1 ตัน | S28: 18673 | T28: 17853 | U28: =((T28-S28)/S28)*100 -> -4.3913672 | V28: 29182 | W28: 17853 | X28: =(W28-V28)/V28*100 -> -38.821876 | Z28: กระบะ 1 ตัน | AA28: 30086 | AB28: 29182 | AC28: =((AB28-AA28)/AA28)*100 -> -3.0047198 | AD28: 33140 | AE28: 29182 | AF28: =(AE28-AD28)/AD28*100 -> -11.943271 | AH28: กระบะ 1 ตัน | AI28: 31178 | AJ28: 33140 | AK28: =((AJ28-AI28)/AI28)*100 -> 6.2928988 | AL28: 37445 | AM28: 33140 | AN28: =(AM28-AL28)/AL28*100 -> -11.496862 | AQ28: กระบะ 1 ตัน | AR28: 36710 | AS28: 37445 | AT28: =((AS28-AR28)/AR28)*100 -> 2.0021792 | AU28: 36251 | AV28: 37445 | AW28: =(AV28-AU28)/AU28*100 -> 3.2937022 | AZ28: กระบะ 1 ตัน | BA28: 33061 | BB28: 36251 | BC28: =((BB28-BA28)/BA28)*100 -> 9.6488309 | BD28: 42778 | BE28: 36251 | BF28: =(BE28-BD28)/BD28*100 -> -15.257843 | BH28: กระบะ 1 ตัน | BI28: 38063 | BJ28: 42778 | BK28: =((BJ28-BI28)/BI28)*100 -> 12.387358 | BL28: 32693 | BM28: 42778 | BN28: =(BM28-BL28)/BL28*100 -> 30.847582 | BQ28: กระบะ 1 ตัน | BR28: 27277 | BS28: =38125-5432 -> 32693 | BT28: =((BS28-BR28)/BR28)*100 -> 19.855556 | BU28: 29946 | BV28: =38125-5432 -> 32693 | BW28: =(BV28-BU28)/BU28*100 -> 9.1731784 | BZ28: กระบะ 1 ตัน | CA28: 26547 | CB28: 29946 | CC28: =((CB28-CA28)/CA28)*100 -> 12.803707 | CD28: 28227 | CE28: 29946 | CF28: =(CE28-CD28)/CD28*100 -> 6.0899139 | CI28: กระบะ 1 ตัน | CJ28: =ต.ค.!CI28 -> 25963 | CK28: =CN28 -> #REF! | CL28: =((CK28-CJ28)/CJ28)*100 -> #REF! | CM28: =#REF! -> #REF! | CN28: =#REF! -> #REF! | CO28: =(CN28-CM28)/CM28*100 -> #REF! | CR28: กระบะ 1 ตัน | CS28: 35815 | CT28: 40666 | CU28: =((CT28-CS28)/CS28)*100 -> 13.544604 | CV28: 53535 | CW28: 40666 | CX28: =((CW28-CV28)/CV28)*100 -> -24.038479 | DA28: กระบะ 1 ตัน | DB28: 51362 | DC28: 53535 | DD28: =((DC28-DB28)/DB28)*100 -> 4.2307543 | DE28: 6924 | DF28: 53535 | DG28: =((DF28-DE28)/DE28)*100 -> 673.18024 | DJ28: กระบะ 1 ตัน | DK28: 16513 | DL28: 6924 | DM28: =((DL28-DK28)/DK28)*100 -> -58.0694 | DN28: 35011 | DO28: 6924 | DP28: =((DO28-DN28)/DN28)*100 -> -80.223358 | DS28: กระบะ 1 ตัน | DT28: 30119 | DU28: =39310-4299 -> 35011 | DV28: =((DU28-DT28)/DT28)*100 -> 16.242239 | DW28: 25803 | DX28: =39310-4299 -> 35011 | DY28: =((DX28-DW28)/DW28)*100 -> 35.685773 | EB28: กระบะ 1 ตัน | EC28: 23616 | ED28: 25803 | EE28: =((ED28-EC28)/EC28)*100 -> 9.2606707 | EF28: 22077 | EG28: 25803 | EH28: =((EG28-EF28)/EF28)*100 -> 16.877293 | EK28: กระบะ 1 ตัน | EL28: 23652 | EM28: 22077 | EN28: =((EM28-EL28)/EL28)*100 -> -6.6590563 | EO28: 36783 | EP28: 22077 | EQ28: =((EP28-EO28)/EO28)*100 -> -39.980426 | ET28: กระบะ 1 ตัน | EU28: 35266 | EV28: 36783 | EW28: =(EV28-EU28)/EU28*100 -> 4.3015936 | EX28: 36279 | EY28: 36783 | EZ28: =(EY28-EX28)/EX28*100 -> 1.3892334
B29: รถยนต์พาณิชย์ | C29: 2220 | D29: 2452 | E29: =((D29-C29)/C29)*100 -> 10.45045 | F29: 2527 | G29: 2452 | H29: =(G29-F29)/F29*100 -> -2.9679462 | J29: รถยนต์พาณิชย์ | K29: 2589 | L29: 2612 | M29: =((L29-K29)/K29)*100 -> 0.88837389 | N29: 3730 | O29: 2527 | P29: =(O29-N29)/N29*100 -> -32.252011 | R29: รถยนต์พาณิชย์ | S29: 3305 | T29: 3730 | U29: =((T29-S29)/S29)*100 -> 12.859304 | V29: 3836 | W29: 3730 | X29: =(W29-V29)/V29*100 -> -2.7632951 | Z29: รถยนต์พาณิชย์ | AA29: 5008 | AB29: 3836 | AC29: =((AB29-AA29)/AA29)*100 -> -23.402556 | AD29: 4053 | AE29: 3836 | AF29: =(AE29-AD29)/AD29*100 -> -5.3540587 | AH29: รถยนต์พาณิชย์ | AI29: 3561 | AJ29: 4053 | AK29: =((AJ29-AI29)/AI29)*100 -> 13.816344 | AL29: 3390 | AM29: 4053 | AN29: =(AM29-AL29)/AL29*100 -> 19.557522 | AQ29: รถยนต์พาณิชย์ | AR29: 3482 | AS29: 3390 | AT29: =((AS29-AR29)/AR29)*100 -> -2.6421597 | AU29: 4166 | AV29: 3390 | AW29: =(AV29-AU29)/AU29*100 -> -18.62698 | AZ29: รถยนต์พาณิชย์ | BA29: 3998 | BB29: 4166 | BC29: =((BB29-BA29)/BA29)*100 -> 4.2021011 | BD29: 4353 | BE29: 4166 | BF29: =(BE29-BD29)/BD29*100 -> -4.2958879 | BH29: รถยนต์พาณิชย์ | BI29: 4220 | BJ29: 4353 | BK29: =((BJ29-BI29)/BI29)*100 -> 3.1516588 | BL29: 4184 | BM29: 4353 | BN29: =(BM29-BL29)/BL29*100 -> 4.0391969 | BQ29: รถยนต์พาณิชย์ | BR29: 3662 | BS29: =46647-BS28-BS30 -> 4184 | BT29: =((BS29-BR29)/BR29)*100 -> 14.254506 | BU29: 4164 | BV29: =46647-BV28-BV30 -> 4184 | BW29: =(BV29-BU29)/BU29*100 -> 0.4803074 | BZ29: รถยนต์พาณิชย์ | CA29: 3985 | CB29: 4164 | CC29: =((CB29-CA29)/CA29)*100 -> 4.4918444 | CD29: 3858 | CE29: 4164 | CF29: =(CE29-CD29)/CD29*100 -> 7.9315708 | CI29: รถยนต์พาณิชย์ | CJ29: =ต.ค.!CI29 -> 3621 | CK29: =CN29 -> #REF! | CL29: =((CK29-CJ29)/CJ29)*100 -> #REF! | CM29: =#REF! -> #REF! | CN29: =#REF! -> #REF! | CO29: =(CN29-CM29)/CM29*100 -> #REF! | CR29: รถยนต์พาณิชย์ | CS29: 5599 | CT29: 5064 | CU29: =((CT29-CS29)/CS29)*100 -> -9.5552777 | CV29: 7151 | CW29: 5064 | CX29: =((CW29-CV29)/CV29)*100 -> -29.184729 | DA29: รถยนต์พาณิชย์ | DB29: 6225 | DC29: 7151 | DD29: =((DC29-DB29)/DB29)*100 -> 14.875502 | DE29: 3062 | DF29: 7151 | DG29: =((DF29-DE29)/DE29)*100 -> 133.54017 | DJ29: รถยนต์พาณิชย์ | DK29: 3063 | DL29: 3062 | DM29: =((DL29-DK29)/DK29)*100 -> -0.032647731 | DN29: 4805 | DO29: 3062 | DP29: =((DO29-DN29)/DN29)*100 -> -36.274714 | DS29: รถยนต์พาณิชย์ | DT29: 4552 | DU29: 4805 | DV29: =((DU29-DT29)/DT29)*100 -> 5.5579965 | DW29: 4805 | DX29: 4805 | DY29: =((DX29-DW29)/DW29)*100 -> 0 | EB29: รถยนต์พาณิชย์ | EC29: 3356 | ED29: 3513 | EE29: =((ED29-EC29)/EC29)*100 -> 4.6781883 | EF29: 2999 | EG29: 3513 | EH29: =((EG29-EF29)/EF29)*100 -> 17.139046 | EK29: รถยนต์พาณิชย์ | EL29: 3599 | EM29: 2999 | EN29: =((EM29-EL29)/EL29)*100 -> -16.671298 | EO29: 4079 | EP29: 2999 | EQ29: =((EP29-EO29)/EO29)*100 -> -26.477078 | ET29: รถยนต์พาณิชย์ | EU29: 4196 | EV29: 4079 | EW29: =(EV29-EU29)/EU29*100 -> -2.7883699 | EX29: 2833 | EY29: 4079 | EZ29: =(EY29-EX29)/EX29*100 -> 43.981645
B30: PPV+SUV | C30: 14228 | D30: =3646+14126 -> 17772 | E30: =((D30-C30)/C30)*100 -> 24.908631 | F30: 10298 | G30: 17772 | H30: =(G30-F30)/F30*100 -> 72.577199 | J30: PPV+SUV | K30: 8759 | L30: 10298 | M30: =((L30-K30)/K30)*100 -> 17.570499 | N30: 15471 | O30: 10298 | P30: =(O30-N30)/N30*100 -> -33.436753 | R30: PPV+SUV | S30: 14855 | T30: 15471 | U30: =((T30-S30)/S30)*100 -> 4.1467519 | V30: 15003 | W30: 15471 | X30: =(W30-V30)/V30*100 -> 3.1193761 | Z30: PPV+SUV | AA30: 10056 | AB30: 15003 | AC30: =((AB30-AA30)/AA30)*100 -> 49.194511 | AD30: 10730 | AE30: 15003 | AF30: =(AE30-AD30)/AD30*100 -> 39.822926 | AH30: PPV+SUV | AI30: 9773 | AJ30: 10730 | AK30: =((AJ30-AI30)/AI30)*100 -> 9.7922849 | AL30: 12905 | AM30: 10730 | AN30: =(AM30-AL30)/AL30*100 -> -16.853933 | AQ30: PPV+SUV | AR30: 11462 | AS30: 12905 | AT30: =((AS30-AR30)/AR30)*100 -> 12.589426 | AU30: 9236 | AV30: 12905 | AW30: =(AV30-AU30)/AU30*100 -> 39.724989 | AZ30: PPV+SUV | BA30: 9735 | BB30: 9236 | BC30: =((BB30-BA30)/BA30)*100 -> -5.1258346 | BD30: 12066 | BE30: 9236 | BF30: =(BE30-BD30)/BD30*100 -> -23.454334 | BH30: PPV+SUV | BI30: 11843 | BJ30: 12066 | BK30: =((BJ30-BI30)/BI30)*100 -> 1.8829688 | BL30: 9770 | BM30: 12066 | BN30: =(BM30-BL30)/BL30*100 -> 23.500512 | BQ30: PPV+SUV | BR30: 8873 | BS30: =5432+4338 -> 9770 | BT30: =((BS30-BR30)/BR30)*100 -> 10.10932 | BU30: 7355 | BV30: =5432+4338 -> 9770 | BW30: =(BV30-BU30)/BU30*100 -> 32.834806 | BZ30: PPV+SUV | CA30: 6985 | CB30: 7355 | CC30: =((CB30-CA30)/CA30)*100 -> 5.2970651 | CD30: 18609 | CE30: 7355 | CF30: =(CE30-CD30)/CD30*100 -> -60.476114 | CI30: PPV+SUV | CJ30: =ต.ค.!CI30 -> 14053 | CK30: =CN30 -> #REF! | CL30: =((CK30-CJ30)/CJ30)*100 -> #REF! | CM30: =#REF! -> #REF! | CN30: =#REF! -> #REF! | CO30: =(CN30-CM30)/CM30*100 -> #REF! | CR30: PPV+SUV | CS30: 5360 | CT30: 7314 | CU30: =((CT30-CS30)/CS30)*100 -> 36.455224 | CV30: 9814 | CW30: 7314 | CX30: =((CW30-CV30)/CV30)*100 -> -25.473813 | DA30: PPV+SUV | DB30: 9559 | DC30: 9814 | DD30: =((DC30-DB30)/DB30)*100 -> 2.6676431 | DE30: 2932 | DF30: 9814 | DG30: =((DF30-DE30)/DE30)*100 -> 234.72033 | DJ30: PPV+SUV | DK30: 3445 | DL30: 2932 | DM30: =((DL30-DK30)/DK30)*100 -> -14.891147 | DN30: 5464 | DO30: 2932 | DP30: =((DO30-DN30)/DN30)*100 -> -46.339678 | DS30: PPV+SUV | DT30: 4880 | DU30: =4299+1165 -> 5464 | DV30: =((DU30-DT30)/DT30)*100 -> 11.967213 | DW30: 3661 | DX30: =4299+1165 -> 5464 | DY30: =((DX30-DW30)/DW30)*100 -> 49.248839 | EB30: PPV+SUV | EC30: 3552 | ED30: 3661 | EE30: =((ED30-EC30)/EC30)*100 -> 3.0686937 | EF30: 2816 | EG30: 3661 | EH30: =((EG30-EF30)/EF30)*100 -> 30.007102 | EK30: PPV+SUV | EL30: 3264 | EM30: 2816 | EN30: =((EM30-EL30)/EL30)*100 -> -13.72549 | EO30: 3212 | EP30: 2816 | EQ30: =((EP30-EO30)/EO30)*100 -> -12.328767 | ET30: PPV+SUV | EU30: 3099 | EV30: 3212 | EW30: =(EV30-EU30)/EU30*100 -> 3.6463375 | EX30: 2648 | EY30: 3212 | EZ30: =(EY30-EX30)/EX30*100 -> 21.299094
A31: ส่งออก | B31: (คัน) | C31: 83064 | D31: 78692 | E31: =((D31-C31)/C31)*100 -> -5.2634113 | F31: 89646 | G31: 78692 | H31: =(G31-F31)/F31*100 -> -12.219173 | I31: ส่งออก | J31: (คัน) | K31: 84334 | L31: 89646 | M31: =((L31-K31)/K31)*100 -> 6.2987644 | N31: 99609 | O31: 89646 | P31: =(O31-N31)/N31*100 -> -10.002108 | Q31: ส่งออก | R31: (คัน) | S31: 105726 | T31: 99609 | U31: =((T31-S31)/S31)*100 -> -5.7857102 | V31: 87979 | W31: 99609 | X31: =(W31-V31)/V31*100 -> 13.219064 | Y31: ส่งออก | Z31: (คัน) | AA31: 94228 | AB31: 87979 | AC31: =((AB31-AA31)/AA31)*100 -> -6.6317867 | AD31: 98829 | AE31: 87979 | AF31: =(AE31-AD31)/AD31*100 -> -10.978559 | AG31: ส่งออก | AH31: (คัน) | AI31: 81577 | AJ31: 98829 | AK31: =((AJ31-AI31)/AI31)*100 -> 21.148118 | AL31: 74532 | AM31: 98829 | AN31: =(AM31-AL31)/AL31*100 -> 32.59942 | AP31: ส่งออก | AQ31: (คัน) | AR31: 71372 | AS31: 74532 | AT31: =((AS31-AR31)/AR31)*100 -> 4.4275066 | AU31: 75185 | AV31: 74532 | AW31: =(AV31-AU31)/AU31*100 -> -0.86852431 | AY31: ส่งออก | AZ31: (คัน) | BA31: 85552 | BB31: 75185 | BC31: =((BB31-BA31)/BA31)*100 -> -12.117776 | BD31: 93108 | BE31: 75185 | BF31: =(BE31-BD31)/BD31*100 -> -19.249689 | BH31: (คัน) | BI31: 93338 | BJ31: 93108 | BK31: =((BJ31-BI31)/BI31)*100 -> -0.24641625 | BL31: 103042 | BM31: 93108 | BN31: =(BM31-BL31)/BL31*100 -> -9.640729 | BP31: ส่งออก | BQ31: (คัน) | BR31: 90838 | BS31: 103042 | BT31: =((BS31-BR31)/BR31)*100 -> 13.434906 | BU31: 98477 | BV31: 103042 | BW31: =(BV31-BU31)/BU31*100 -> 4.6356002 | BY31: ส่งออก | BZ31: (คัน) | CA31: 103192 | CB31: 98477 | CC31: =((CB31-CA31)/CA31)*100 -> -4.5691526 | CD31: 101650 | CE31: 98477 | CF31: =(CE31-CD31)/CD31*100 -> -3.1214953 | CH31: ส่งออก | CI31: (คัน) | CJ31: =ต.ค.!CI31 -> 111229 | CK31: =CN31 -> #REF! | CL31: =((CK31-CJ31)/CJ31)*100 -> #REF! | CM31: =#REF! -> #REF! | CN31: =#REF! -> #REF! | CO31: =(CN31-CM31)/CM31*100 -> #REF! | CQ31: ส่งออก | CR31: (คัน) | CS31: 96844 | CT31: 96006 | CU31: =((CT31-CS31)/CS31)*100 -> -0.86530916 | CV31: 100225 | CW31: 96006 | CX31: =((CW31-CV31)/CV31)*100 -> -4.2095286 | CZ31: ส่งออก | DA31: (คัน) | DB31: 98284 | DC31: 100225 | DD31: =((DC31-DB31)/DB31)*100 -> 1.9748891 | DE31: 6258 | DF31: 100225 | DG31: =((DF31-DE31)/DE31)*100 -> 1501.55 | DI31: ส่งออก | DJ31: (คัน) | DK31: 54691 | DL31: 6258 | DM31: =((DL31-DK31)/DK31)*100 -> -88.557532 | DN31: 79618 | DO31: 6258 | DP31: =((DO31-DN31)/DN31)*100 -> -92.139968 | DR31: ส่งออก | DS31: (คัน) | DT31: 80359 | DU31: 79618 | DV31: =((DU31-DT31)/DT31)*100 -> -0.92211202 | DW31: 58665 | DX31: 79618 | DY31: =((DX31-DW31)/DW31)*100 -> 35.716356 | EA31: ส่งออก | EB31: (คัน) | EC31: 59502 | ED31: 58665 | EE31: =((ED31-EC31)/EC31)*100 -> -1.4066754 | EF31: 65919 | EG31: 58665 | EH31: =((EG31-EF31)/EF31)*100 -> -11.004415 | EJ31: ส่งออก | EK31: (คัน) | EL31: 67531 | EM31: 65917 | EN31: =((EM31-EL31)/EL31)*100 -> -2.3900135 | EO31: 69783 | EP31: 65917 | EQ31: =((EP31-EO31)/EO31)*100 -> -5.5400312 | ES31: ส่งออก | ET31: (คัน) | EU31: 58490 | EV31: 69783 | EW31: =(EV31-EU31)/EU31*100 -> 19.307574 | EX31: 44085 | EY31: 69783 | EZ31: =(EY31-EX31)/EX31*100 -> 58.291936
B32: (ล้านบาท) | C32: 53209.847 | D32: 52219.977 | E32: =((D32-C32)/C32)*100 -> -1.8603127 | F32: 57957.645 | G32: 52219.977 | H32: =(G32-F32)/F32*100 -> -9.8997597 | J32: (ล้านบาท) | K32: 55728.194 | L32: 57957.645 | M32: =((L32-K32)/K32)*100 -> 4.0005805 | N32: 65575.855 | O32: 57957.645 | P32: =(O32-N32)/N32*100 -> -11.6174 | R32: (ล้านบาท) | S32: 72481.156 | T32: 65575.855 | U32: =((T32-S32)/S32)*100 -> -9.5270299 | V32: 56071.91 | W32: 65575.855 | X32: =(W32-V32)/V32*100 -> 16.949565 | Z32: (ล้านบาท) | AA32: 61773.547 | AB32: 56071.91 | AC32: =((AB32-AA32)/AA32)*100 -> -9.2299003 | AD32: 57737.821 | AE32: 56071.91 | AF32: =(AE32-AD32)/AD32*100 -> -2.8853023 | AH32: (ล้านบาท) | AI32: 47767.737 | AJ32: 57737.821 | AK32: =((AJ32-AI32)/AI32)*100 -> 20.872003 | AL32: 42674.602 | AM32: 57737.821 | AN32: =(AM32-AL32)/AL32*100 -> 35.297854 | AQ32: (ล้านบาท) | AR32: 40801.146 | AS32: 42674.602 | AT32: =((AS32-AR32)/AR32)*100 -> 4.591675 | AU32: 39369.16 | AV32: 42674.602 | AW32: =(AV32-AU32)/AU32*100 -> 8.3960187 | AZ32: (ล้านบาท) | BA32: 46065.54 | BB32: 39369.16 | BC32: =((BB32-BA32)/BA32)*100 -> -14.536636 | BD32: 48092.72 | BE32: 39369.16 | BF32: =(BE32-BD32)/BD32*100 -> -18.139045 | BH32: (ล้านบาท) | BI32: 48482.73 | BJ32: 48092.72 | BK32: =((BJ32-BI32)/BI32)*100 -> -0.80443077 | BL32: 54059.73 | BM32: 48092.72 | BN32: =(BM32-BL32)/BL32*100 -> -11.037809 | BQ32: (ล้านบาท) | BR32: 49802.87 | BS32: 54059.73 | BT32: =((BS32-BR32)/BR32)*100 -> 8.5474191 | BU32: 51111.85 | BV32: 54059.73 | BW32: =(BV32-BU32)/BU32*100 -> 5.7675079 | BZ32: (ล้านบาท) | CA32: 53934.64 | CB32: 51111.85 | CC32: =((CB32-CA32)/CA32)*100 -> -5.2337236 | CD32: 54615.81 | CE32: 51111.85 | CF32: =(CE32-CD32)/CD32*100 -> -6.4156514 | CI32: (ล้านบาท) | CJ32: =ต.ค.!CI32 -> 59999.48 | CK32: =CN32 -> #REF! | CL32: =((CK32-CJ32)/CJ32)*100 -> #REF! | CM32: =#REF! -> #REF! | CN32: =#REF! -> #REF! | CO32: =(CN32-CM32)/CM32*100 -> #REF! | CR32: (ล้านบาท) | CS32: 43333.77 | CT32: 44719.12 | CU32: =((CT32-CS32)/CS32)*100 -> 3.1969293 | CV32: 46580.56 | CW32: 44719.12 | CX32: =((CW32-CV32)/CV32)*100 -> -3.9961735 | DA32: (ล้านบาท) | DB32: 47125.84 | DC32: 46580.56 | DD32: =((DC32-DB32)/DB32)*100 -> -1.1570722 | DE32: 2966.09 | DF32: 46580.56 | DG32: =((DF32-DE32)/DE32)*100 -> 1470.4365 | DJ32: (ล้านบาท) | DK32: 24359.03 | DL32: 2966.09 | DM32: =((DL32-DK32)/DK32)*100 -> -87.823448 | DN32: 33142.44 | DO32: 2966.09 | DP32: =((DO32-DN32)/DN32)*100 -> -91.050478 | DS32: (ล้านบาท) | DT32: 34717.16 | DU32: 33142.44 | DV32: =((DU32-DT32)/DT32)*100 -> -4.5358549 | DW32: 27633.6 | DX32: 33142.44 | DY32: =((DX32-DW32)/DW32)*100 -> 19.935296 | EB32: (ล้านบาท) | EC32: 28932.37 | ED32: 27633.6 | EE32: =((ED32-EC32)/EC32)*100 -> -4.4889859 | EF32: 29476.46 | EG32: 27633.6 | EH32: =((EG32-EF32)/EF32)*100 -> -6.2519719 | EK32: (ล้านบาท) | EL32: 29634.68 | EM32: 29475.3 | EN32: =((EM32-EL32)/EL32)*100 -> -0.53781583 | EO32: 31617.09 | EP32: 29475.3 | EQ32: =((EP32-EO32)/EO32)*100 -> -6.7741528 | ET32: (ล้านบาท) | EU32: 27261.49 | EV32: 31617.09 | EW32: =(EV32-EU32)/EU32*100 -> 15.977116 | EX32: 19845.6 | EY32: 31617.09 | EZ32: =(EY32-EX32)/EX32*100 -> 59.315365
DL37: =100/127111 -> 0.00078671397
DL38: =DL37*57326 -> 45.099165

Sheet ต.ค.
C1: จักรยานยนต์ ต.ค. 68 | K1: จักรยานยนต์ ต.ค. 67 | S1: จักรยานยนต์ ต.ค. 66 | AA1: จักรยานยนต์ ต.ค. 65 | AI1: จักรยานยนต์ ต.ค. 64 | AQ1: จักรยานยนต์ ต.ค. 63 | AY1: จักรยานยนต์ ต.ค. 62 | BG1: จักรยานยนต์ ต.ค. 61 | BO1: จักรยานยนต์ ต.ค. 60 | BW1: จักรยานยนต์ ต.ค. 59 | CE1: จักรยานยนต์ ตค 58 | CL1: จักรยานยนต์ ตค 56 | CU1: จักรยานยนต์ ตค 55 | DD1: จักรยานยนต ตค 54 | DM1: จักรยานยนต์ ตค 53 | DV1: จักรยานยนต์ ตค 52 | EE1: จักรยานยนต์ ตค 51 | EN1: จักรยานยนต์ ตค 50 | EV1: จักรยานยนต์ ต.ค.49 | FC1: จักรยานยนต์ ต.ค.48
C2: ก.ย. 68 | D2: ต.ค. 68 | E2: ร้อยละ | F2: ต.ค. 67 | G2: ต.ค. 68 | H2: ร้อยละ | K2: ก.ย. 67 | L2: ต.ค. 67 | M2: ร้อยละ | N2: ต.ค. 66 | O2: ต.ค. 67 | P2: ร้อยละ | S2: ก.ย. 66 | T2: ต.ค.66 | U2: ร้อยละ | V2: ต.ค. 65 | W2: ต.ค. 66 | X2: ร้อยละ | AA2: ก.ย. 65 | AB2: ต.ค.65 | AC2: ร้อยละ | AD2: ต.ค. 64 | AE2: ต.ค. 65 | AF2: ร้อยละ | AI2: ก.ย. 64 | AJ2: ต.ค.64 | AK2: ร้อยละ | AL2: ต.ค. 63 | AM2: ต.ค. 64 | AN2: ร้อยละ | AQ2: ก.ย. 63 | AR2: ต.ค.63 | AS2: ร้อยละ | AT2: ต.ค. 62 | AU2: ต.ค. 63 | AV2: ร้อยละ | AY2: ก.ย. 62 | AZ2: ต.ค.62 | BA2: ร้อยละ | BB2: ต.ค. 61 | BC2: ต.ค. 62 | BD2: ร้อยละ | BG2: ก.ย. 61 | BH2: ต.ค.61 | BI2: ร้อยละ | BJ2: ต.ค. 60 | BK2: ต.ค. 61 | BL2: ร้อยละ | BO2: ก.ย. 60 | BP2: ต.ค.60 | BQ2: ร้อยละ | BR2: ต.ค. 59 | BS2: ต.ค. 60 | BT2: ร้อยละ | BW2: ก.ย. 59 | BX2: ต.ค. 59 | BY2: ร้อยละ | BZ2: ต.ค. 58 | CA2: ต.ค. 59 | CB2: ร้อยละ | CE2: กย 58 | CF2: ตค 58 | CG2: ร้อยละ | CH2: ตค 57 | CI2: ตค 58 | CJ2: ร้อยละ | CL2: กย 56 | CM2: ตค 56 | CN2: ร้อยละ | CO2: ตค 55 | CP2: ตค 56 | CQ2: ร้อยละ | CU2: กย 55 | CV2: ตค 55 | CW2: ร้อยละ | CX2: ตค 54 | CY2: ตค 55 | CZ2: ร้อยละ | DD2: กย 54 | DE2: ตค 54 | DF2: ร้อยละ | DG2: ตค 53 | DH2: ตค 54 | DI2: ร้อยละ | DM2: กย 53 | DN2: ตค 53 | DO2: ร้อยละ | DP2: ตค 52 | DQ2: ตค 53 | DR2: ร้อยละ | DV2: กย 52 | DW2: ตค 52 | DX2: ร้อยละ | DY2: ตค 51 | DZ2: ตค 52 | EA2: ร้อยละ | EE2: กย 51 | EF2: ตค 51 | EG2: ร้อยละ | EH2: ตค 50 | EI2: ตค 51 | EJ2: ร้อยละ | EN2: 18507 | EO2: 18537 | EP2: ร้อยละ | EQ2: 18172 | ER2: 18537 | ES2: ร้อยละ | EV2: 18142 | EW2: 18172 | EX2: ร้อยละ | EY2: 17807 | EZ2: 18172 | FA2: ร้อยละ | FD2: 17777 | FE2: 17807 | FF2: ร้อยละ | FG2: 17441 | FH2: 17807 | FI2: ร้อยละ
A3: ผลิต | C3: 156742 | D3: 150489 | E3: =((D3-C3)/C3)*100 -> -3.9893583 | F3: 149010 | G3: 150489 | H3: =((G3-F3)/F3)*100 -> 0.99255084 | I3: ผลิต | K3: 146590 | L3: 149010 | M3: =((L3-K3)/K3)*100 -> 1.650863 | N3: 140114 | O3: 149010 | P3: =((O3-N3)/N3)*100 -> 6.3491157 | Q3: ผลิต | S3: 169054 | T3: 140114 | U3: =((T3-S3)/S3)*100 -> -17.11879 | V3: 171644 | W3: 140114 | X3: =((W3-V3)/V3)*100 -> -18.369416 | Y3: ผลิต | AA3: 197450 | AB3: 171644 | AC3: =((AB3-AA3)/AA3)*100 -> -13.069638 | AD3: 144844 | AE3: 171644 | AF3: =((AE3-AD3)/AD3)*100 -> 18.502665 | AG3: ผลิต | AI3: 110017 | AJ3: 144844 | AK3: =((AJ3-AI3)/AI3)*100 -> 31.656017 | AL3: 166636 | AM3: 144844 | AN3: =((AM3-AL3)/AL3)*100 -> -13.077606 | AO3: ผลิต | AQ3: 174645 | AR3: 166636 | AS3: =((AR3-AQ3)/AQ3)*100 -> -4.5858742 | AT3: 161318 | AU3: 166636 | AV3: =((AU3-AT3)/AT3)*100 -> 3.2965943 | AW3: ผลิต | AY3: 168567 | AZ3: 161318 | BA3: =((AZ3-AY3)/AY3)*100 -> -4.3003672 | BB3: 167314 | BC3: 161318 | BD3: =((BC3-BB3)/BB3)*100 -> -3.583681 | BE3: ผลิต | BG3: 165551 | BH3: 167314 | BI3: =((BH3-BG3)/BG3)*100 -> 1.0649286 | BJ3: 164175 | BK3: 167314 | BL3: =((BK3-BJ3)/BJ3)*100 -> 1.9119842 | BM3: ผลิต | BO3: 172085 | BP3: 164175 | BQ3: =((BP3-BO3)/BO3)*100 -> -4.5965657 | BR3: 155483 | BS3: 164175 | BT3: =((BS3-BR3)/BR3)*100 -> 5.5903218 | BU3: ผลิต | BW3: 151294 | BX3: 155483 | BY3: =((BX3-BW3)/BW3)*100 -> 2.7687813 | BZ3: 145279 | CA3: 155483 | CB3: =((CA3-BZ3)/BZ3)*100 -> 7.0237268 | CE3: 149234 | CF3: 145279 | CG3: =((CF3-CE3)/CE3)*100 -> -2.6502004 | CH3: 155403 | CI3: 145279 | CJ3: =((CI3-CH3)/CH3)*100 -> -6.5146747 | CL3: =SUM(CL4:CL5) -> 171654 | CM3: =SUM(CM4:CM5) -> 163385 | CN3: =((CM3-CL3)/CL3)*100 -> -4.8172487 | CO3: =SUM(CO4:CO5) -> 202118 | CP3: 163385 | CQ3: =((CP3-CO3)/CO3)*100 -> -19.163558 | CS3: ผลิต | CU3: =SUM(CU4:CU5) -> 217281 | CV3: =SUM(CV4:CV5) -> 202118 | CW3: =((CV3-CU3)/CU3)*100 -> -6.9785209 | CX3: =SUM(CX4:CX5) -> 66369 | CY3: =SUM(CY4:CY5) -> 202118 | CZ3: =((CY3-CX3)/CX3)*100 -> 204.53676 | DB3: ผลิต | DD3: =SUM(DD4:DD5) -> 207564 | DE3: =SUM(DE4:DE5) -> 66369 | DF3: =((DE3-DD3)/DD3)*100 -> -68.024802 | DG3: =SUM(DG4:DG5) -> 183242 | DH3: 66369 | DI3: =((DH3-DG3)/DG3)*100 -> -63.780683 | DK3: ผลิต | DM3: 177588 | DN3: 183011 | DO3: =((DN3-DM3)/DM3)*100 -> 3.0536973 | DP3: 163863 | DQ3: 183011 | DR3: =((DQ3-DP3)/DP3)*100 -> 11.685371 | DT3: ผลิต | DV3: =SUM(DV4:DV5) -> 146162 | DW3: =SUM(DW4:DW5) -> 163863 | DX3: =((DW3-DV3)/DV3)*100 -> 12.110535 | DY3: 176726 | DZ3: 163863 | EA3: =((DZ3-DY3)/DY3)*100 -> -7.2784989 | EC3: ผลิต | EE3: =EE4+EE5 -> 171860 | EF3: =SUM(EF4:EF5) -> 176726 | EG3: =((EF3-EE3)/EE3)*100 -> 2.8313744 | EH3: 136569 | EI3: =SUM(EI4:EI5) -> 176726 | EJ3: =((EI3-EH3)/EH3)*100 -> 29.404184 | EL3: ผลิต | EN3: =SUM(EN4:EN5) -> 124347 | EO3: =SUM(EO4:EO5) -> 136569 | EP3: =(EO3-EN3)/EN3*100 -> 9.8289464 | EQ3: 148127 | ER3: =SUM(ER4:ER5) -> 136569 | ES3: =(ER3-EQ3)/EQ3*100 -> -7.8027638 | EU3: ผลิต | EV3: 159778 | EW3: 148127 | EX3: =(EW3-EV3)/EV3*100 -> -7.2919926 | EY3: 203856 | EZ3: 148127 | FA3: =(EZ3-EY3)/EY3*100 -> -27.337434 | FC3: ผลิต | FD3: 186671 | FE3: 203856 | FF3: =(FE3-FD3)/FD3*100 -> 9.2060363 | FG3: 293860 | FH3: 203856 | FI3: =((FH3-FG3)/FG3)*100 -> -30.62819
B4: ครอบครัว (อเนกประสงค์) | C4: 133269 | D4: 131260 | E4: =((D4-C4)/C4)*100 -> -1.5074774 | F4: 116833 | G4: 131260 | H4: =((G4-F4)/F4)*100 -> 12.348395 | J4: ครอบครัว (อเนกประสงค์) | K4: 117616 | L4: 116833 | M4: =((L4-K4)/K4)*100 -> -0.66572575 | N4: 105106 | O4: 116833 | P4: =((O4-N4)/N4)*100 -> 11.157308 | R4: ครอบครัว (อเนกประสงค์) | S4: 136036 | T4: 105106 | U4: =((T4-S4)/S4)*100 -> -22.736629 | V4: 132382 | W4: 105106 | X4: =((W4-V4)/V4)*100 -> -20.60401 | Z4: ครอบครัว (อเนกประสงค์) | AA4: 153394 | AB4: 132382 | AC4: =((AB4-AA4)/AA4)*100 -> -13.698059 | AD4: 108997 | AE4: 132382 | AF4: =((AE4-AD4)/AD4)*100 -> 21.454719 | AH4: ครอบครัว (อเนกประสงค์) | AI4: 84249 | AJ4: 108997 | AK4: =((AJ4-AI4)/AI4)*100 -> 29.374829 | AL4: 137036 | AM4: 108997 | AN4: =((AM4-AL4)/AL4)*100 -> -20.461047 | AP4: ครอบครัว (อเนกประสงค์) | AQ4: 148092 | AR4: 137036 | AS4: =((AR4-AQ4)/AQ4)*100 -> -7.4656295 | AT4: 133950 | AU4: 137036 | AV4: =((AU4-AT4)/AT4)*100 -> 2.3038447 | AX4: ครอบครัว (อเนกประสงค์) | AY4: 137238 | AZ4: 133950 | BA4: =((AZ4-AY4)/AY4)*100 -> -2.3958379 | BB4: 137629 | BC4: 133950 | BD4: =((BC4-BB4)/BB4)*100 -> -2.6731285 | BF4: ครอบครัว (อเนกประสงค์) | BG4: 143150 | BH4: 137629 | BI4: =((BH4-BG4)/BG4)*100 -> -3.8567936 | BJ4: 126172 | BK4: 137629 | BL4: =((BK4-BJ4)/BJ4)*100 -> 9.0804616 | BN4: ครอบครัว (อเนกประสงค์) | BO4: 131180 | BP4: 126172 | BQ4: =((BP4-BO4)/BO4)*100 -> -3.8176551 | BR4: 114527 | BS4: 126172 | BT4: =((BS4-BR4)/BR4)*100 -> 10.167908 | BV4: ครอบครัว (อเนกประสงค์) | BW4: 115437 | BX4: 114527 | BY4: =((BX4-BW4)/BW4)*100 -> -0.78830877 | BZ4: 114653 | CA4: 114527 | CB4: =((CA4-BZ4)/BZ4)*100 -> -0.10989682 | CD4: ครอบครัว | CE4: 121625 | CF4: 114653 | CG4: =((CF4-CE4)/CE4)*100 -> -5.7323741 | CH4: 127118 | CI4: 114653 | CJ4: =((CI4-CH4)/CH4)*100 -> -9.8058497 | CL4: 143941 | CM4: 132502 | CN4: =((CM4-CL4)/CL4)*100 -> -7.9470061 | CO4: 179262 | CP4: 132502 | CQ4: =((CP4-CO4)/CO4)*100 -> -26.084725 | CT4: ครอบครัว | CU4: 195777 | CV4: 179262 | CW4: =((CV4-CU4)/CU4)*100 -> -8.4356181 | CX4: 46498 | CY4: 179262 | CZ4: =((CY4-CX4)/CX4)*100 -> 285.52626 | DC4: ครอบครัว | DD4: 188738 | DE4: 46498 | DF4: =((DE4-DD4)/DD4)*100 -> -75.363732 | DG4: 173828 | DH4: 46498 | DI4: =((DH4-DG4)/DG4)*100 -> -73.25057 | DL4: ครอบครัว | DM4: 169385 | DN4: 173828 | DO4: =((DN4-DM4)/DM4)*100 -> 2.6230186 | DP4: 155470 | DQ4: 173828 | DR4: =((DQ4-DP4)/DP4)*100 -> 11.808066 | DU4: ครอบครัว | DV4: 136945 | DW4: 155470 | DX4: =((DW4-DV4)/DV4)*100 -> 13.527328 | DY4: 161656 | DZ4: 155470 | EA4: =((DZ4-DY4)/DY4)*100 -> -3.8266442 | ED4: ครอบครัว | EE4: 160018 | EF4: 161656 | EG4: =((EF4-EE4)/EE4)*100 -> 1.0236348 | EH4: 127782 | EI4: 161656 | EJ4: =((EI4-EH4)/EH4)*100 -> 26.509211 | EM4: ครอบครัว | EN4: 116647 | EO4: 127782 | EP4: =(EO4-EN4)/EN4*100 -> 9.5458949 | EQ4: 142120 | ER4: 127782 | ES4: =(ER4-EQ4)/EQ4*100 -> -10.088657 | EU4: จำหน่าย | EV4: 158415 | EW4: 144203 | EX4: =(EW4-EV4)/EV4*100 -> -8.9713727 | EY4: 188599 | EZ4: 144203 | FA4: =(EZ4-EY4)/EY4*100 -> -23.539892 | FC4: จำหน่าย | FD4: 167735 | FE4: 188599 | FF4: =(FE4-FD4)/FD4*100 -> 12.438668 | FG4: 161232 | FH4: 188599 | FI4: =((FH4-FG4)/FG4)*100 -> 16.973678
B5: สปอร์ต | C5: 20915 | D5: 17557 | E5: =((D5-C5)/C5)*100 -> -16.055463 | F5: 28681 | G5: 17557 | H5: =((G5-F5)/F5)*100 -> -38.785259 | J5: สปอร์ต | K5: 25224 | L5: 28681 | M5: =((L5-K5)/K5)*100 -> 13.705201 | N5: 34958 | O5: 28681 | P5: =((O5-N5)/N5)*100 -> -17.955833 | R5: สปอร์ต | S5: 32868 | T5: 34958 | U5: =((T5-S5)/S5)*100 -> 6.3587684 | V5: 39262 | W5: 34958 | X5: =((W5-V5)/V5)*100 -> -10.962254 | Z5: สปอร์ต | AA5: 44056 | AB5: 39262 | AC5: =((AB5-AA5)/AA5)*100 -> -10.881605 | AD5: 35847 | AE5: 39262 | AF5: =((AE5-AD5)/AD5)*100 -> 9.5265992 | AH5: สปอร์ต | AI5: 25768 | AJ5: 35847 | AK5: =((AJ5-AI5)/AI5)*100 -> 39.114405 | AL5: 29600 | AM5: 35847 | AN5: =((AM5-AL5)/AL5)*100 -> 21.10473 | AP5: สปอร์ต | AQ5: 26553 | AR5: 29600 | AS5: =((AR5-AQ5)/AQ5)*100 -> 11.475163 | AT5: 27368 | AU5: 29600 | AV5: =((AU5-AT5)/AT5)*100 -> 8.1555101 | AX5: สปอร์ต | AY5: 31329 | AZ5: 27368 | BA5: =((AZ5-AY5)/AY5)*100 -> -12.643238 | BB5: 29685 | BC5: 27368 | BD5: =((BC5-BB5)/BB5)*100 -> -7.8052889 | BF5: สปอร์ต | BG5: 22401 | BH5: 29685 | BI5: =((BH5-BG5)/BG5)*100 -> 32.516406 | BJ5: 38003 | BK5: 29685 | BL5: =((BK5-BJ5)/BJ5)*100 -> -21.887746 | BN5: สปอร์ต | BO5: 40905 | BP5: 38003 | BQ5: =((BP5-BO5)/BO5)*100 -> -7.0944872 | BR5: 40956 | BS5: 38003 | BT5: =((BS5-BR5)/BR5)*100 -> -7.2101768 | BV5: สปอร์ต | BW5: 35857 | BX5: 40956 | BY5: =((BX5-BW5)/BW5)*100 -> 14.220375 | BZ5: 30626 | CA5: 40956 | CB5: =((CA5-BZ5)/BZ5)*100 -> 33.729511 | CD5: สปอร์ต | CE5: 27609 | CF5: 30626 | CG5: =((CF5-CE5)/CE5)*100 -> 10.927596 | CH5: 28285 | CI5: 30626 | CJ5: =((CI5-CH5)/CH5)*100 -> 8.2764716 | CL5: 27713 | CM5: 30883 | CN5: =((CM5-CL5)/CL5)*100 -> 11.438675 | CO5: 22856 | CP5: 30883 | CQ5: =((CP5-CO5)/CO5)*100 -> 35.119881 | CT5: สปอร์ต | CU5: 21504 | CV5: 22856 | CW5: =((CV5-CU5)/CU5)*100 -> 6.2872024 | CX5: 19871 | CY5: 22856 | CZ5: =((CY5-CX5)/CX5)*100 -> 15.021891 | DC5: สปอร์ต | DD5: 18826 | DE5: 19871 | DF5: =((DE5-DD5)/DD5)*100 -> 5.550834 | DG5: 9414 | DH5: 19871 | DI5: =((DH5-DG5)/DG5)*100 -> 111.07924 | DL5: สปอร์ต | DM5: 8203 | DN5: 9414 | DO5: =((DN5-DM5)/DM5)*100 -> 14.762892 | DP5: 8393 | DQ5: 9414 | DR5: =((DQ5-DP5)/DP5)*100 -> 12.164899 | DU5: สปอร์ต | DV5: 9217 | DW5: 8393 | DX5: =((DW5-DV5)/DV5)*100 -> -8.9400022 | DY5: 15070 | DZ5: 8393 | EA5: =((DZ5-DY5)/DY5)*100 -> -44.306569 | ED5: สปอร์ต | EE5: 11842 | EF5: 15070 | EG5: =((EF5-EE5)/EE5)*100 -> 27.258909 | EH5: 8787 | EI5: 15070 | EJ5: =((EI5-EH5)/EH5)*100 -> 71.503357 | EM5: สปอร์ต | EN5: 7700 | EO5: 8787 | EP5: =(EO5-EN5)/EN5*100 -> 14.116883 | EQ5: 6007 | ER5: 8787 | ES5: =(ER5-EQ5)/EQ5*100 -> 46.279341 | EU5: ส่งออก | EV5: 6427 | EW5: 6019 | EX5: =(EW5-EV5)/EV5*100 -> -6.3482185 | EY5: 12307 | EZ5: 6019 | FA5: =(EZ5-EY5)/EY5*100 -> -51.092874 | FC5: ส่งออก | FD5: 14025 | FE5: 12307 | FF5: =(FE5-FD5)/FD5*100 -> -12.249554 | FG5: 87306 | FH5: 119929 | FI5: =((FH5-FG5)/FG5)*100 -> 37.366275
B6: EV | C6: 81 | D6: 68 | E6: =((D6-C6)/C6)*100 -> -16.049383 | F6: - | G6: 68 | H6: -100 | J6: EV | K6: - | L6: - | M6: #DIV/0! | N6: 50 | O6: - | P6: -100 | R6: EV | S6: 150 | T6: 50 | V6: 0 | W6: 50
B7: ICONIC | C7: 2477 | D7: 1604 | E7: =((D7-C7)/C7)*100 -> -35.244247 | F7: 3496 | G7: 1604 | H7: =((G7-F7)/F7)*100 -> -54.118993 | J7: ICONIC | K7: 3750 | L7: 3496 | M7: =((L7-K7)/K7)*100 -> -6.7733333 | N7: 0 | O7: 3496 | P7: =((O7-N7)/N7)*100 -> #DIV/0!
A8: จำหน่าย | C8: 134440 | D8: =D10+D11+D12+D13+D14 -> 133706 | E8: =((D8-C8)/C8)*100 -> -0.54596846 | F8: 140113 | G8: 133706 | H8: =((G8-F8)/F8)*100 -> -4.5727377 | I8: จำหน่าย | K8: 117884 | L8: 140113 | M8: =((L8-K8)/K8)*100 -> 18.856673 | N8: 134978 | O8: 140113 | P8: =((O8-N8)/N8)*100 -> 3.8043237 | Q8: จำหน่าย | S8: 141455 | T8: 134978 | U8: =((T8-S8)/S8)*100 -> -4.5788413 | V8: 134019 | W8: 134978 | X8: =((W8-V8)/V8)*100 -> 0.71557018 | Y8: จำหน่าย | AA8: 150297 | AB8: 134019 | AC8: =((AB8-AA8)/AA8)*100 -> -10.830556 | AD8: 114285 | AE8: 134019 | AF8: =((AE8-AD8)/AD8)*100 -> 17.267358 | AG8: จำหน่าย | AI8: 109879 | AJ8: 114285 | AK8: =((AJ8-AI8)/AI8)*100 -> 4.0098654 | AL8: 126323 | AM8: 114285 | AN8: =((AM8-AL8)/AL8)*100 -> -9.5295394 | AO8: จำหน่าย | AQ8: 133441 | AR8: 126323 | AS8: =((AR8-AQ8)/AQ8)*100 -> -5.3341926 | AT8: 142434 | AU8: 126323 | AV8: =((AU8-AT8)/AT8)*100 -> -11.311204 | AW8: จำหน่าย | AY8: 135090 | AZ8: 142434 | BA8: =((AZ8-AY8)/AY8)*100 -> 5.4363757 | BB8: 139290 | BC8: 142434 | BD8: =((BC8-BB8)/BB8)*100 -> 2.2571613 | BE8: จำหน่าย | BG8: 140500 | BH8: 139290 | BI8: =((BH8-BG8)/BG8)*100 -> -0.86120996 | BJ8: 135575 | BK8: 139290 | BL8: =((BK8-BJ8)/BJ8)*100 -> 2.7401807 | BM8: จำหน่าย | BO8: 155534 | BP8: 135575 | BQ8: =((BP8-BO8)/BO8)*100 -> -12.832564 | BR8: 126184 | BS8: 135575 | BT8: =((BS8-BR8)/BR8)*100 -> 7.4423065 | BU8: จำหน่าย | BW8: 156753 | BX8: 126184 | BY8: =((BX8-BW8)/BW8)*100 -> -19.501381 | BZ8: 118516 | CA8: 126184 | CB8: =((CA8-BZ8)/BZ8)*100 -> 6.4700125 | CE8: 134434 | CF8: 118516 | CG8: =((CF8-CE8)/CE8)*100 -> -11.840755 | CH8: 135900 | CI8: 118516 | CJ8: =((CI8-CH8)/CH8)*100 -> -12.791759 | CL8: =SUM(CL9:CL12) -> 151701 | CM8: =SUM(CM9:CM12) -> 148900 | CN8: =((CM8-CL8)/CL8)*100 -> -1.8463952 | CO8: =SUM(CO9:CO12) -> 167011 | CP8: 148900 | CQ8: =((CP8-CO8)/CO8)*100 -> -10.844196 | CS8: จำหน่าย | CU8: =SUM(CU9:CU12) -> 170858 | CV8: 167009 | CW8: =((CV8-CU8)/CU8)*100 -> -2.2527479 | CX8: =SUM(CX9:CX12) -> 134811 | CY8: 167009 | CZ8: =((CY8-CX8)/CX8)*100 -> 23.883808 | DB8: จำหน่าย | DD8: =SUM(DD9:DD12) -> 172176 | DE8: =SUM(DE9:DE12) -> 134811 | DF8: =((DE8-DD8)/DD8)*100 -> -21.701631 | DG8: 139750 | DH8: 134811 | DI8: =((DH8-DG8)/DG8)*100 -> -3.5341682 | DK8: จำหน่าย | DM8: 152365 | DN8: 139750 | DO8: =((DN8-DM8)/DM8)*100 -> -8.2794605 | DP8: 119918 | DQ8: 139750 | DR8: =((DQ8-DP8)/DP8)*100 -> 16.537968 | DT8: จำหน่าย | DV8: =SUM(DV9:DV12) -> 129112 | DW8: =SUM(DW9:DW12) -> 119918 | DX8: =((DW8-DV8)/DV8)*100 -> -7.1209493 | DY8: =SUM(DY9:DY12) -> 138368 | DZ8: 119918 | EA8: =((DZ8-DY8)/DY8)*100 -> -13.334008 | EC8: จำหน่าย | EE8: =SUM(EE9:EE12) -> 147510 | EF8: =SUM(EF9:EF12) -> 138437 | EG8: =((EF8-EE8)/EE8)*100 -> -6.1507694 | EH8: 125975 | EI8: =SUM(EI9:EI12) -> 138437 | EJ8: =((EI8-EH8)/EH8)*100 -> 9.892439 | EL8: จำหน่าย | EN8: =SUM(EN9:EN12) -> 117210 | EO8: =SUM(EO9:EO12) -> 125975 | EP8: =(EO8-EN8)/EN8*100 -> 7.4780309 | EQ8: 145000 | ER8: =SUM(ER9:ER12) -> 125975 | ES8: =(ER8-EQ8)/EQ8*100 -> -13.12069
B9: - น้อยกว่า 50 ซีซี | C9: 0 | D9: 0 | E9: 0 | F9: 0 | G9: 0 | H9: 0 | J9: - น้อยกว่า 50 ซีซี | K9: 0 | L9: 0 | M9: 0 | N9: 0 | O9: 0 | P9: 0 | R9: - น้อยกว่า 50 ซีซี | S9: 0 | T9: 0 | U9: 0 | V9: 0 | W9: 0 | X9: 0 | Z9: - น้อยกว่า 50 ซีซี | AA9: 0 | AB9: 0 | AC9: 0 | AD9: 0 | AE9: 0 | AF9: 0 | AH9: - น้อยกว่า 50 ซีซี | AI9: 0 | AJ9: 0 | AK9: 0 | AL9: 0 | AM9: 0 | AN9: 0 | AP9: - น้อยกว่า 50 ซีซี | AQ9: 0 | AR9: 0 | AS9: 0 | AT9: 0 | AU9: 0 | AV9: 0 | AX9: - น้อยกว่า 50 ซีซี | AY9: 0 | AZ9: 0 | BA9: 0 | BB9: 0 | BC9: 0 | BD9: 0 | BF9: - น้อยกว่า 50 ซีซี | BG9: 0 | BH9: 0 | BI9: 0 | BJ9: 0 | BK9: 0 | BL9: 0 | BN9: - น้อยกว่า 50 ซีซี | BO9: 0 | BP9: 0 | BS9: 0 | BV9: - น้อยกว่าหรือเท่ากับ 100 ซีซี | BW9: 28 | BX9: 14 | BY9: =((BX9-BW9)/BW9)*100 -> -50 | CA9: 14 | CD9: ครอบครัว | CE9: 67298 | CF9: 59890 | CG9: =((CF9-CE9)/CE9)*100 -> -11.007757 | CH9: 68890 | CI9: 59890 | CJ9: =((CI9-CH9)/CH9)*100 -> -13.064305 | CL9: 72795 | CM9: 71468 | CN9: =((CM9-CL9)/CL9)*100 -> -1.8229274 | CO9: 74690 | CP9: 71468 | CQ9: =((CP9-CO9)/CO9)*100 -> -4.3138305 | CT9: ครอบครัว | CU9: 79415 | CV9: 74163 | CW9: =((CV9-CU9)/CU9)*100 -> -6.6133602 | CX9: 69548 | CY9: 74163 | CZ9: =((CY9-CX9)/CX9)*100 -> 6.6357048 | DC9: ครอบครัว | DD9: 86246 | DE9: 69548 | DF9: =((DE9-DD9)/DD9)*100 -> -19.360898 | DG9: 65193 | DH9: 69548 | DI9: =((DH9-DG9)/DG9)*100 -> 6.680165 | DL9: ครอบครัว | DM9: 70787 | DN9: 65793 | DO9: =((DN9-DM9)/DM9)*100 -> -7.0549677 | DP9: 59550 | DQ9: 65793 | DR9: =((DQ9-DP9)/DP9)*100 -> 10.483627 | DU9: ครอบครัว | DV9: 62551 | DW9: 59550 | DX9: =((DW9-DV9)/DV9)*100 -> -4.7976851 | DY9: 71357 | DZ9: 59550 | EA9: =((DZ9-DY9)/DY9)*100 -> -16.546379 | ED9: ครอบครัว | EE9: 82746 | EF9: 75129 | EG9: =((EF9-EE9)/EE9)*100 -> -9.2052788 | EH9: 66857 | EI9: 75129 | EJ9: =((EI9-EH9)/EH9)*100 -> 12.372676 | EM9: ครอบครัว | EN9: 64141 | EO9: =62926+3931 -> 66857 | EP9: =(EO9-EN9)/EN9*100 -> 4.234421 | EQ9: 69928 | ER9: =62926+3931 -> 66857 | ES9: =(ER9-EQ9)/EQ9*100 -> -4.39166 | EV9: รถยนต์ ต.ค. 49 | FC9: รถยนต์ ต.ค.48
B10: - 51-110 ซีซี | C10: 40674 | D10: 42419 | E10: =((D10-C10)/C10)*100 -> 4.29021 | F10: 52375 | G10: 42419 | H10: =((G10-F10)/F10)*100 -> -19.009069 | J10: - 51-110 ซีซี | K10: 40051 | L10: 52375 | M10: =((L10-K10)/K10)*100 -> 30.770767 | N10: 49220 | O10: 52375 | P10: =((O10-N10)/N10)*100 -> 6.4099959 | R10: - 51-110 ซีซี | S10: 54746 | T10: 49220 | U10: =((T10-S10)/S10)*100 -> -10.093888 | V10: 64631 | W10: 49220 | X10: =((W10-V10)/V10)*100 -> -23.844595 | Z10: - 51-110 ซีซี | AA10: 68970 | AB10: 64631 | AC10: =((AB10-AA10)/AA10)*100 -> -6.2911411 | AD10: 52928 | AE10: 64631 | AF10: =((AE10-AD10)/AD10)*100 -> 22.11117 | AH10: - 51-110 ซีซี | AI10: 49828 | AJ10: 52928 | AK10: =((AJ10-AI10)/AI10)*100 -> 6.2214016 | AL10: 59938 | AM10: 52928 | AN10: =((AM10-AL10)/AL10)*100 -> -11.695419 | AP10: - 51-110 ซีซี | AQ10: 63240 | AR10: 59938 | AS10: =((AR10-AQ10)/AQ10)*100 -> -5.2213789 | AT10: 70876 | AU10: 59938 | AV10: =((AU10-AT10)/AT10)*100 -> -15.432586 | AX10: - 51-110 ซีซี | AY10: 67886 | AZ10: 70876 | BA10: =((AZ10-AY10)/AY10)*100 -> 4.4044427 | BB10: 70519 | BC10: 70876 | BD10: =((BC10-BB10)/BB10)*100 -> 0.50624654 | BF10: - 51-110 ซีซี | BG10: 72848 | BH10: 70519 | BI10: =((BH10-BG10)/BG10)*100 -> -3.1970679 | BJ10: 70137 | BK10: 70519 | BL10: =((BK10-BJ10)/BJ10)*100 -> 0.54464833 | BN10: - 51-110 ซีซี | BO10: 83819 | BP10: 70137 | BQ10: =((BP10-BO10)/BO10)*100 -> -16.323268 | BS10: 70137 | BV10: - 101-125 ซีซี | BW10: 135149 | BX10: 108209 | BY10: =((BX10-BW10)/BW10)*100 -> -19.933555 | CA10: 108209 | CD10: สกูตเตอร์ | CE10: 50663 | CF10: 43686 | CG10: =((CF10-CE10)/CE10)*100 -> -13.771391 | CH10: 51438 | CI10: 43686 | CJ10: =((CI10-CH10)/CH10)*100 -> -15.07057 | CL10: 64953 | CM10: 63656 | CN10: =((CM10-CL10)/CL10)*100 -> -1.9968285 | CO10: 84902 | CP10: 63656 | CQ10: =((CP10-CO10)/CO10)*100 -> -25.024145 | CT10: สกูตเตอร์ | CU10: 83759 | CV10: 84791 | CW10: =((CV10-CU10)/CU10)*100 -> 1.2321064 | CX10: 59825 | CY10: 84791 | CZ10: =((CY10-CX10)/CX10)*100 -> 41.731718 | DC10: สกูตเตอร์ | DD10: 79733 | DE10: 59825 | DF10: =((DE10-DD10)/DD10)*100 -> -24.968332 | DG10: 71617 | DH10: 59825 | DI10: =((DH10-DG10)/DG10)*100 -> -16.465364 | DL10: สกูตเตอร์ | DM10: 78611 | DN10: 71617 | DO10: =((DN10-DM10)/DM10)*100 -> -8.8969737 | DP10: 55003 | DQ10: 71617 | DR10: =((DQ10-DP10)/DP10)*100 -> 30.205625 | DU10: สกูตเตอร์ | DV10: 60770 | DW10: 55003 | DX10: =((DW10-DV10)/DV10)*100 -> -9.4898799 | DY10: 61256 | DZ10: 55003 | EA10: =((DZ10-DY10)/DY10)*100 -> -10.20798 | ED10: สปอร์ต | EE10: 1693 | EF10: 1829 | EG10: =((EF10-EE10)/EE10)*100 -> 8.0330774 | EH10: 1393 | EI10: 1829 | EJ10: =((EI10-EH10)/EH10)*100 -> 31.299354 | EM10: สปอร์ต | EN10: 1156 | EO10: =1070+323 -> 1393 | EP10: =(EO10-EN10)/EN10*100 -> 20.50173 | EQ10: 1078 | ER10: =1070+323 -> 1393 | ES10: =(ER10-EQ10)/EQ10*100 -> 29.220779 | EV10: 18142 | EW10: 18172 | EX10: ร้อยละ | EY10: 17807 | EZ10: 18172 | FA10: ร้อยละ | FD10: 17777 | FE10: 17807 | FF10: ร้อยละ | FG10: 17441 | FH10: 17807 | FI10: ร้อยละ
B11: - 111-125 ซีซี | C11: 63720 | D11: 61415 | E11: =((D11-C11)/C11)*100 -> -3.6173886 | F11: 55892 | G11: 61415 | H11: =((G11-F11)/F11)*100 -> 9.8815573 | J11: - 111-125 ซีซี | K11: 48858 | L11: 55892 | M11: =((L11-K11)/K11)*100 -> 14.396823 | N11: 48725 | O11: 55892 | P11: =((O11-N11)/N11)*100 -> 14.709082 | R11: - 111-125 ซีซี | S11: 47851 | T11: 48725 | U11: =((T11-S11)/S11)*100 -> 1.8265031 | V11: 37973 | W11: 48725 | X11: =((W11-V11)/V11)*100 -> 28.314855 | Z11: - 111-125 ซีซี | AA11: 45175 | AB11: 37973 | AC11: =((AB11-AA11)/AA11)*100 -> -15.942446 | AD11: 32383 | AE11: 37973 | AF11: =((AE11-AD11)/AD11)*100 -> 17.262144 | AH11: - 111-125 ซีซี | AI11: 32157 | AJ11: 32383 | AK11: =((AJ11-AI11)/AI11)*100 -> 0.70280188 | AL11: 36975 | AM11: 32383 | AN11: =((AM11-AL11)/AL11)*100 -> -12.419202 | AP11: - 111-125 ซีซี | AQ11: 38714 | AR11: 36975 | AS11: =((AR11-AQ11)/AQ11)*100 -> -4.4919151 | AT11: 39904 | AU11: 36975 | AV11: =((AU11-AT11)/AT11)*100 -> -7.3401163 | AX11: - 111-125 ซีซี | AY11: 37991 | AZ11: 39904 | BA11: =((AZ11-AY11)/AY11)*100 -> 5.0354031 | BB11: 38430 | BC11: 39904 | BD11: =((BC11-BB11)/BB11)*100 -> 3.8355451 | BF11: - 111-125 ซีซี | BG11: 38537 | BH11: 38430 | BI11: =((BH11-BG11)/BG11)*100 -> -0.27765524 | BJ11: 39260 | BK11: 38430 | BL11: =((BK11-BJ11)/BJ11)*100 -> -2.1141111 | BN11: - 111-125 ซีซี | BO11: 44684 | BP11: 39260 | BQ11: =((BP11-BO11)/BO11)*100 -> -12.138573 | BS11: 39260 | BV11: - 126-150 ซีซี | BW11: 13914 | BX11: 11816 | BY11: =((BX11-BW11)/BW11)*100 -> -15.078338 | CA11: 11816
B12: - 126-250 ซีซี | C12: 21970 | D12: 22808 | E12: =((D12-C12)/C12)*100 -> 3.8142922 | F12: 23679 | G12: 22808 | H12: =((G12-F12)/F12)*100 -> -3.6783648 | J12: - 126-250 ซีซี | K12: 21568 | L12: 23679 | M12: =((L12-K12)/K12)*100 -> 9.7876484 | N12: 28616 | O12: 23679 | P12: =((O12-N12)/N12)*100 -> -17.252586 | R12: - 126-250 ซีซี | S12: 29873 | T12: 28616 | U12: =((T12-S12)/S12)*100 -> -4.2078131 | V12: 26151 | W12: 28616 | X12: =((W12-V12)/V12)*100 -> 9.4260258 | Z12: - 126-250 ซีซี | AA12: 30102 | AB12: 26151 | AC12: =((AB12-AA12)/AA12)*100 -> -13.125374 | AD12: 21790 | AE12: 26151 | AF12: =((AE12-AD12)/AD12)*100 -> 20.013768 | AH12: - 126-250 ซีซี | AI12: 20689 | AJ12: 21790 | AK12: =((AJ12-AI12)/AI12)*100 -> 5.3216685 | AL12: 23772 | AM12: 21790 | AN12: =((AM12-AL12)/AL12)*100 -> -8.33754 | AP12: - 126-250 ซีซี | AQ12: 25023 | AR12: 23772 | AS12: =((AR12-AQ12)/AQ12)*100 -> -4.9994006 | AT12: 26065 | AU12: 23772 | AV12: =((AU12-AT12)/AT12)*100 -> -8.7972377 | AX12: - 126-250 ซีซี | AY12: 23647 | AZ12: 26065 | BA12: =((AZ12-AY12)/AY12)*100 -> 10.225399 | BB12: 24894 | BC12: 26065 | BD12: =((BC12-BB12)/BB12)*100 -> 4.7039447 | BF12: - 126-250 ซีซี | BG12: 23872 | BH12: 24894 | BI12: =((BH12-BG12)/BG12)*100 -> 4.2811662 | BJ12: 21519 | BK12: 24894 | BL12: =((BK12-BJ12)/BJ12)*100 -> 15.683814 | BN12: - 126-250 ซีซี | BO12: 22093 | BP12: 21519 | BQ12: =((BP12-BO12)/BO12)*100 -> -2.598108 | BS12: 21519 | BV12: - มากกว่าหรือเท่ากับ 151 ซีซี | BW12: 7662 | BX12: 6145 | BY12: =((BX12-BW12)/BW12)*100 -> -19.799008 | CA12: 6145 | CD12: สปอร์ต | CE12: 16473 | CF12: 14940 | CG12: =((CF12-CE12)/CE12)*100 -> -9.3061373 | CH12: 15572 | CI12: 14940 | CJ12: =((CI12-CH12)/CH12)*100 -> -4.0585667 | CL12: 13953 | CM12: 13776 | CN12: =((CM12-CL12)/CL12)*100 -> -1.2685444 | CO12: 7419 | CP12: 13776 | CQ12: =((CP12-CO12)/CO12)*100 -> 85.685402 | CT12: สปอร์ต | CU12: 7684 | CV12: 8055 | CW12: =((CV12-CU12)/CU12)*100 -> 4.8282145 | CX12: 5438 | CY12: 8055 | CZ12: =((CY12-CX12)/CX12)*100 -> 48.12431 | DC12: สปอร์ต | DD12: 6197 | DE12: 5438 | DF12: =((DE12-DD12)/DD12)*100 -> -12.247862 | DG12: 2340 | DH12: 5438 | DI12: =((DH12-DG12)/DG12)*100 -> 132.39316 | DL12: สปอร์ต | DM12: 2967 | DN12: 2340 | DO12: =((DN12-DM12)/DM12)*100 -> -21.132457 | DP12: 5365 | DQ12: 2340 | DR12: =((DQ12-DP12)/DP12)*100 -> -56.38397 | DU12: สปอร์ต | DV12: 5791 | DW12: 5365 | DX12: =((DW12-DV12)/DV12)*100 -> -7.3562424 | DY12: 5755 | DZ12: 5365 | EA12: =((DZ12-DY12)/DY12)*100 -> -6.7767159 | ED12: สกูตเตอร์ | EE12: 63071 | EF12: 61479 | EG12: =((EF12-EE12)/EE12)*100 -> -2.5241395 | EH12: 57725 | EI12: 61479 | EJ12: =((EI12-EH12)/EH12)*100 -> 6.5032482 | EM12: สกูตเตอร์ | EN12: 51913 | EO12: 57725 | EP12: =(EO12-EN12)/EN12*100 -> 11.195654 | EQ12: 73994 | ER12: 57725 | ES12: =(ER12-EQ12)/EQ12*100 -> -21.986918 | EU12: ผลิต | EV12: 103219 | EW12: 101264 | EX12: =(EW12-EV12)/EV12*100 -> -1.8940311 | EY12: 104629 | EZ12: 101264 | FA12: =(EZ12-EY12)/EY12*100 -> -3.2161255 | FC12: ผลิต | FD12: 102602 | FE12: 104629 | FF12: =(FE12-FD12)/FD12*100 -> 1.975595 | FG12: 89880 | FH12: 104629 | FI12: =(FH12-FG12)/FG12*100 -> 16.409657
B13: - 251-399 ซีซี | C13: 6990 | D13: 6145 | E13: =((D13-C13)/C13)*100 -> -12.088698 | F13: 7343 | G13: 6145 | H13: =((G13-F13)/F13)*100 -> -16.314858 | J13: - 251-399 ซีซี | K13: 6525 | L13: 7343 | M13: =((L13-K13)/K13)*100 -> 12.536398 | N13: 7399 | O13: 7343 | P13: =((O13-N13)/N13)*100 -> -0.75685904 | R13: - 251-399 ซีซี | S13: 7837 | T13: 7399 | U13: =((T13-S13)/S13)*100 -> -5.5888733 | V13: 4242 | W13: 7399 | X13: =((W13-V13)/V13)*100 -> 74.422442 | Z13: - 251-399 ซีซี | AA13: 4950 | AB13: 4242 | AC13: =((AB13-AA13)/AA13)*100 -> -14.30303 | AD13: 6003 | AE13: 4242 | AF13: =((AE13-AD13)/AD13)*100 -> -29.335332 | AH13: - 251-399 ซีซี | AI13: 6001 | AJ13: 6003 | AK13: =((AJ13-AI13)/AI13)*100 -> 0.033327779 | AL13: 4080 | AM13: 6003 | AN13: =((AM13-AL13)/AL13)*100 -> 47.132353 | AP13: - 251-399 ซีซี | AQ13: 4579 | AR13: 4080 | AS13: =((AR13-AQ13)/AQ13)*100 -> -10.897576 | AT13: 3766 | AU13: 4080 | AV13: =((AU13-AT13)/AT13)*100 -> 8.3377589 | AX13: - 251-399 ซีซี | AY13: 3540 | AZ13: 3766 | BA13: =((AZ13-AY13)/AY13)*100 -> 6.3841808 | BB13: 3043 | BC13: 3766 | BD13: =((BC13-BB13)/BB13)*100 -> 23.759448 | BF13: - 251-399 ซีซี | BG13: 3019 | BH13: 3043 | BI13: =((BH13-BG13)/BG13)*100 -> 0.79496522 | BJ13: 1950 | BK13: 3043 | BL13: =((BK13-BJ13)/BJ13)*100 -> 56.051282 | BN13: - 251-399 ซีซี | BO13: 2065 | BP13: 1950 | BQ13: =((BP13-BO13)/BO13)*100 -> -5.5690073 | BS13: 1950
B14: =R27 -> รถยนต์นั่ง | C14: 1086 | D14: 919 | E14: =((D14-C14)/C14)*100 -> -15.377532 | F14: 824 | G14: 919 | H14: =((G14-F14)/F14)*100 -> 11.529126 | J14: =Z27 -> รถยนต์นั่ง | K14: 882 | L14: 824 | M14: =((L14-K14)/K14)*100 -> -6.5759637 | N14: 1018 | O14: 824 | P14: =((O14-N14)/N14)*100 -> -19.056974 | R14: =AH27 -> รถยนต์นั่ง | S14: 1148 | T14: 1018 | U14: =((T14-S14)/S14)*100 -> -11.324042 | V14: 1022 | W14: 1018 | X14: =((W14-V14)/V14)*100 -> -0.39138943 | Z14: - มากกว่าหรือเท่ากับ 400 ซีซี | AA14: 1100 | AB14: 1022 | AC14: =((AB14-AA14)/AA14)*100 -> -7.0909091 | AD14: 1181 | AE14: 1022 | AF14: =((AE14-AD14)/AD14)*100 -> -13.463167 | AH14: - มากกว่าหรือเท่ากับ 400 ซีซี | AI14: 1204 | AJ14: 1181 | AK14: =((AJ14-AI14)/AI14)*100 -> -1.910299 | AL14: 1558 | AM14: 1181 | AN14: =((AM14-AL14)/AL14)*100 -> -24.197689 | AP14: - มากกว่าหรือเท่ากับ 400 ซีซี | AQ14: 1885 | AR14: 1558 | AS14: =((AR14-AQ14)/AQ14)*100 -> -17.34748 | AT14: 1823 | AU14: 1558 | AV14: =((AU14-AT14)/AT14)*100 -> -14.536478 | AX14: - มากกว่าหรือเท่ากับ 400 ซีซี | AY14: 2026 | AZ14: 1823 | BA14: =((AZ14-AY14)/AY14)*100 -> -10.019743 | BB14: 2404 | BC14: 1823 | BD14: =((BC14-BB14)/BB14)*100 -> -24.168053 | BF14: - มากกว่าหรือเท่ากับ 400 ซีซี | BG14: 2224 | BH14: 2404 | BI14: =((BH14-BG14)/BG14)*100 -> 8.0935252 | BJ14: 2709 | BK14: 2404 | BL14: =((BK14-BJ14)/BJ14)*100 -> -11.258767 | BN14: - มากกว่าหรือเท่ากับ 400 ซีซี | BO14: 2873 | BP14: 2709 | BQ14: =((BP14-BO14)/BO14)*100 -> -5.7083188 | BS14: 2709
A15: ส่งออก | B15: (CBU&CKD) | C15: 75214 | D15: =D16+D17 -> 89570 | E15: =((D15-C15)/C15)*100 -> 19.086872 | F15: 175066 | G15: 89570 | H15: =((G15-F15)/F15)*100 -> -48.836439 | I15: ส่งออก | J15: (CBU&CKD) | K15: 69753 | L15: 175066 | M15: =((L15-K15)/K15)*100 -> 150.97989 | N15: 68136 | O15: 175066 | P15: =((O15-N15)/N15)*100 -> 156.93613 | Q15: ส่งออก | R15: (CBU&CKD) | S15: 61121 | T15: 68136 | U15: =((T15-S15)/S15)*100 -> 11.477234 | V15: 90971 | W15: 68136 | X15: =((W15-V15)/V15)*100 -> -25.101406 | Y15: ส่งออก | Z15: (CBU&CKD) | AA15: 92659 | AB15: 90971 | AC15: =((AB15-AA15)/AA15)*100 -> -1.8217335 | AD15: 78919 | AE15: 90971 | AF15: =((AE15-AD15)/AD15)*100 -> 15.271354 | AG15: ส่งออก | AH15: (CBU&CKD) | AI15: 69179 | AJ15: 78919 | AK15: =((AJ15-AI15)/AI15)*100 -> 14.079417 | AL15: 68871 | AM15: 78919 | AN15: =((AM15-AL15)/AL15)*100 -> 14.589595 | AO15: ส่งออก | AP15: (CBU&CKD) | AQ15: 57454 | AR15: 68871 | AS15: =((AR15-AQ15)/AQ15)*100 -> 19.871549 | AT15: 84047 | AU15: 68871 | AV15: =((AU15-AT15)/AT15)*100 -> -18.056564 | AW15: ส่งออก | AX15: (CBU&CKD) | AY15: 65625 | AZ15: 84047 | BA15: =((AZ15-AY15)/AY15)*100 -> 28.071619 | BB15: 61602 | BC15: 84047 | BD15: =((BC15-BB15)/BB15)*100 -> 36.435505 | BE15: ส่งออก | BF15: (CBU&CKD) | BG15: 62569 | BH15: 61602 | BI15: =((BH15-BG15)/BG15)*100 -> -1.5454938 | BJ15: 61536 | BK15: 61602 | BL15: =((BK15-BJ15)/BJ15)*100 -> 0.10725429 | BM15: ส่งออก | BN15: (CBU&CKD) | BO15: 58899 | BP15: 61536 | BQ15: =((BP15-BO15)/BO15)*100 -> 4.4771558 | BR15: 77343 | BS15: 61536 | BT15: =((BS15-BR15)/BR15)*100 -> -20.437532 | BU15: ส่งออก | BV15: (CBU&CKD) | BW15: 60916 | BX15: 77343 | BY15: =((BX15-BW15)/BW15)*100 -> 26.966643 | BZ15: 63462 | CA15: 77343 | CB15: =((CA15-BZ15)/BZ15)*100 -> 21.872932 | CD15: (CBU&CKD) | CE15: 65835 | CF15: 63462 | CG15: =((CF15-CE15)/CE15)*100 -> -3.6044657 | CH15: 68774 | CI15: 63462 | CJ15: =((CI15-CH15)/CH15)*100 -> -7.7238491 | CL15: =SUM(CL16:CL17) -> 61091 | CM15: =SUM(CM16:CM17) -> 71836 | CN15: =((CM15-CL15)/CL15)*100 -> 17.588515 | CO15: 70356 | CP15: 71836 | CQ15: =((CP15-CO15)/CO15)*100 -> 2.1035875 | CS15: ส่งออก | CT15: (CBU&CKD) | CU15: =SUM(CU16:CU17) -> 66515 | CV15: =SUM(CV16:CV17) -> 70356 | CW15: =((CV15-CU15)/CU15)*100 -> 5.7746373 | CX15: =SUM(CX16:CX17) -> 81409 | CY15: =SUM(CY16:CY17) -> 70356 | CZ15: =((CY15-CX15)/CX15)*100 -> -13.577123 | DB15: ส่งออก | DC15: (CBU&CKD) | DD15: =SUM(DD16:DD17) -> 107559 | DE15: =SUM(DE16:DE17) -> 81409 | DF15: =((DE15-DD15)/DD15)*100 -> -24.312238 | DG15: 78247 | DH15: 81409 | DI15: =((DH15-DG15)/DG15)*100 -> 4.0410495 | DK15: ส่งออก | DL15: (CBU&CKD) | DM15: 72188 | DN15: 78247 | DO15: =((DN15-DM15)/DM15)*100 -> 8.3933618 | DP15: 55047 | DQ15: 78247 | DR15: =((DQ15-DP15)/DP15)*100 -> 42.145803 | DT15: ส่งออก | DU15: (CBU&CKD) | DV15: =SUM(DV16:DV17) -> 64162 | DW15: =SUM(DW16:DW17) -> 55047 | DX15: =((DW15-DV15)/DV15)*100 -> -14.206228 | DY15: 55048 | DZ15: 55047 | EA15: =((DZ15-DY15)/DY15)*100 -> -0.0018165964 | EC15: ส่งออก | ED15: (CBU&CKD) | EE15: =EE16+EE17 -> 63474 | EF15: =EF16+EF17 -> 55048 | EG15: =((EF15-EE15)/EE15)*100 -> -13.274727 | EH15: =EH16+EH17 -> 170398 | EI15: =EI16+EI17 -> 55048 | EJ15: =((EI15-EH15)/EH15)*100 -> -67.694457 | EL15: ส่งออก | EM15: (CBU&CKD) | EN15: =SUM(EN16:EN17) -> 106480 | EO15: =SUM(EO16:EO17) -> 171652 | EP15: =(EO15-EN15)/EN15*100 -> 61.20586 | EQ15: =SUM(EQ16:EQ17) -> 163305 | ER15: =SUM(ER16:ER17) -> 171652 | ES15: =(ER15-EQ15)/EQ15*100 -> 5.1112948 | EU15: จำหน่าย | EV15: 49383 | EW15: 50558 | EX15: =(EW15-EV15)/EV15*100 -> 2.3793613 | EY15: 57397 | EZ15: 50558 | FA15: =(EZ15-EY15)/EY15*100 -> -11.915257 | FC15: จำหน่าย | FD15: 55137 | FE15: 57397 | FF15: =(FE15-FD15)/FD15*100 -> 4.098881 | FG15: 55341 | FH15: 57397 | FI15: =(FH15-FG15)/FG15*100 -> 3.7151479
B16: CBU | C16: 26358 | D16: 30898 | E16: =((D16-C16)/C16)*100 -> 17.224372 | F16: 29681 | G16: 30898 | H16: =((G16-F16)/F16)*100 -> 4.1002662 | J16: CBU | K16: 28958 | L16: 29681 | M16: =((L16-K16)/K16)*100 -> 2.4967194 | N16: 35606 | O16: 29681 | P16: =((O16-N16)/N16)*100 -> -16.640454 | R16: CBU | S16: 30321 | T16: 35606 | U16: =((T16-S16)/S16)*100 -> 17.430164 | V16: 45711 | W16: 35606 | X16: =((W16-V16)/V16)*100 -> -22.106276 | Z16: CBU | AA16: 40399 | AB16: 45711 | AC16: =((AB16-AA16)/AA16)*100 -> 13.14884 | AD16: 30989 | AE16: 45711 | AF16: =((AE16-AD16)/AD16)*100 -> 47.50718 | AH16: CBU | AI16: 24319 | AJ16: 30989 | AK16: =((AJ16-AI16)/AI16)*100 -> 27.427115 | AL16: 25363 | AM16: 30989 | AN16: =((AM16-AL16)/AL16)*100 -> 22.181919 | AP16: CBU | AQ16: 28514 | AR16: 25363 | AS16: =((AR16-AQ16)/AQ16)*100 -> -11.050712 | AT16: 26057 | AU16: 25363 | AV16: =((AU16-AT16)/AT16)*100 -> -2.6633918 | AX16: CBU | AY16: 28122 | AZ16: 26057 | BA16: =((AZ16-AY16)/AY16)*100 -> -7.3430055 | BB16: 27590 | BC16: 26057 | BD16: =((BC16-BB16)/BB16)*100 -> -5.556361 | BF16: CBU | BG16: 26403 | BH16: 27590 | BI16: =((BH16-BG16)/BG16)*100 -> 4.4957012 | BJ16: 29839 | BK16: 27590 | BL16: =((BK16-BJ16)/BJ16)*100 -> -7.5371159 | BN16: CBU | BO16: 29914 | BP16: 29839 | BQ16: =((BP16-BO16)/BO16)*100 -> -0.25071873 | BR16: 22683 | BS16: 29839 | BT16: =((BS16-BR16)/BR16)*100 -> 31.547855 | BV16: CBU | BW16: 19249 | BX16: 22683 | BY16: =((BX16-BW16)/BW16)*100 -> 17.839888 | BZ16: 22328 | CA16: 22683 | CB16: =((CA16-BZ16)/BZ16)*100 -> 1.5899319 | CD16: CBU | CE16: 22530 | CF16: 22328 | CG16: =((CF16-CE16)/CE16)*100 -> -0.89658233 | CH16: 20286 | CI16: 22328 | CJ16: =((CI16-CH16)/CH16)*100 -> 10.066055 | CL16: 24268 | CM16: 26469 | CN16: =((CM16-CL16)/CL16)*100 -> 9.0695566 | CO16: 26183 | CP16: 26469 | CQ16: =((CP16-CO16)/CO16)*100 -> 1.0923118 | CT16: CBU | CU16: 20462 | CV16: 26183 | CW16: =((CV16-CU16)/CU16)*100 -> 27.959144 | CX16: 17114 | CY16: 26183 | CZ16: =((CY16-CX16)/CX16)*100 -> 52.991703 | DC16: CBU | DD16: 29117 | DE16: 17114 | DF16: =((DE16-DD16)/DD16)*100 -> -41.22334 | DG16: 15552 | DH16: 17114 | DI16: =((DH16-DG16)/DG16)*100 -> 10.043724 | DL16: CBU | DM16: 14661 | DN16: 15552 | DO16: =((DN16-DM16)/DM16)*100 -> 6.0773481 | DP16: 6237 | DQ16: 15552 | DR16: =((DQ16-DP16)/DP16)*100 -> 149.35065 | DU16: CBU | DV16: 7467 | DW16: 6237 | DX16: =((DW16-DV16)/DV16)*100 -> -16.472479 | DY16: 8961 | DZ16: 6237 | EA16: =((DZ16-DY16)/DY16)*100 -> -30.398393 | ED16: CBU | EE16: 11374 | EF16: 8961 | EG16: =((EF16-EE16)/EE16)*100 -> -21.215052 | EH16: 8673 | EI16: 8961 | EJ16: =((EI16-EH16)/EH16)*100 -> 3.3206503 | EM16: CBU | EN16: 7145 | EO16: 9127 | EP16: =(EO16-EN16)/EN16*100 -> 27.739678 | EQ16: 6292 | ER16: 9127 | ES16: =(ER16-EQ16)/EQ16*100 -> 45.057216 | EU16: ส่งออก | EV16: 49804 | EW16: 41776 | EX16: =(EW16-EV16)/EV16*100 -> -16.119187 | EY16: 49725 | EZ16: 41776 | FA16: =(EZ16-EY16)/EY16*100 -> -15.985923 | FC16: ส่งออก | FD16: 42224 | FE16: 49725 | FF16: =(FE16-FD16)/FD16*100 -> 17.764778 | FG16: 36435 | FH16: 49725 | FI16: =(FH16-FG16)/FG16*100 -> 36.475916
B17: CKD | C17: 48856 | D17: 58672 | E17: =((D17-C17)/C17)*100 -> 20.091698 | F17: 145385 | G17: 58672 | H17: =((G17-F17)/F17)*100 -> -59.643705 | J17: CKD | K17: 40795 | L17: 145385 | M17: =((L17-K17)/K17)*100 -> 256.37946 | N17: 32530 | O17: 145385 | P17: =((O17-N17)/N17)*100 -> 346.92591 | R17: CKD | S17: 30800 | T17: 32530 | U17: =((T17-S17)/S17)*100 -> 5.6168831 | V17: 45260 | W17: 32530 | X17: =((W17-V17)/V17)*100 -> -28.126381 | Z17: CKD | AA17: 52260 | AB17: 45260 | AC17: =((AB17-AA17)/AA17)*100 -> -13.394566 | AD17: 47930 | AE17: 45260 | AF17: =((AE17-AD17)/AD17)*100 -> -5.5706238 | AH17: CKD | AI17: 44860 | AJ17: 47930 | AK17: =((AJ17-AI17)/AI17)*100 -> 6.8435132 | AL17: 43508 | AM17: 47930 | AN17: =((AM17-AL17)/AL17)*100 -> 10.163648 | AP17: CKD | AQ17: 28940 | AR17: 43508 | AS17: =((AR17-AQ17)/AQ17)*100 -> 50.338632 | AT17: 57990 | AU17: 43508 | AV17: =((AU17-AT17)/AT17)*100 -> -24.973271 | AX17: CKD | AY17: 37503 | AZ17: 57990 | BA17: =((AZ17-AY17)/AY17)*100 -> 54.62763 | BB17: 34012 | BC17: 57990 | BD17: =((BC17-BB17)/BB17)*100 -> 70.498648 | BF17: CKD | BG17: 36166 | BH17: 34012 | BI17: =((BH17-BG17)/BG17)*100 -> -5.9558702 | BJ17: 31697 | BK17: 34012 | BL17: =((BK17-BJ17)/BJ17)*100 -> 7.3035303 | BN17: CKD | BO17: 28985 | BP17: 31697 | BQ17: =((BP17-BO17)/BO17)*100 -> 9.3565637 | BR17: 54660 | BS17: 31697 | BT17: =((BS17-BR17)/BR17)*100 -> -42.010611 | BV17: CKD | BW17: 41667 | BX17: 54660 | BY17: =((BX17-BW17)/BW17)*100 -> 31.182951 | BZ17: 41134 | CA17: 54660 | CB17: =((CA17-BZ17)/BZ17)*100 -> 32.882773 | CD17: CKD | CE17: 43305 | CF17: 41134 | CG17: =((CF17-CE17)/CE17)*100 -> -5.0132779 | CH17: 48488 | CI17: 41134 | CJ17: =((CI17-CH17)/CH17)*100 -> -15.166639 | CL17: 36823 | CM17: 45367 | CN17: =((CM17-CL17)/CL17)*100 -> 23.202889 | CO17: 44173 | CP17: 45367 | CQ17: =((CP17-CO17)/CO17)*100 -> 2.7030086 | CT17: CKD | CU17: 46053 | CV17: 44173 | CW17: =((CV17-CU17)/CU17)*100 -> -4.0822531 | CX17: 64295 | CY17: 44173 | CZ17: =((CY17-CX17)/CX17)*100 -> -31.296368 | DC17: CKD | DD17: 78442 | DE17: 64295 | DF17: =((DE17-DD17)/DD17)*100 -> -18.034981 | DG17: 62695 | DH17: 64295 | DI17: =((DH17-DG17)/DG17)*100 -> 2.5520376 | DL17: CKD | DM17: 57527 | DN17: 62695 | DO17: =((DN17-DM17)/DM17)*100 -> 8.9836077 | DP17: 48810 | DQ17: 62695 | DR17: =((DQ17-DP17)/DP17)*100 -> 28.44704 | DU17: CKD | DV17: 56695 | DW17: 48810 | DX17: =((DW17-DV17)/DV17)*100 -> -13.907752 | DY17: 46087 | DZ17: 48810 | EA17: =((DZ17-DY17)/DY17)*100 -> 5.9083907 | ED17: CKD | EE17: 52100 | EF17: 46087 | EG17: =((EF17-EE17)/EE17)*100 -> -11.541267 | EH17: 161725 | EI17: 46087 | EJ17: =((EI17-EH17)/EH17)*100 -> -71.50286 | EM17: CKD | EN17: 99335 | EO17: 162525 | EP17: =(EO17-EN17)/EN17*100 -> 63.613027 | EQ17: 157013 | ER17: 162525 | ES17: =(ER17-EQ17)/EQ17*100 -> 3.5105373
B18: ล้านบาท | C18: 4401.7984 | D18: 5429.8547 | E18: =((D18-C18)/C18)*100 -> 23.355368 | F18: 6562.9002 | G18: 5429.8547 | H18: =((G18-F18)/F18)*100 -> -17.264403 | J18: ล้านบาท | K18: 4504.4227 | L18: 6562.9002 | M18: =((L18-K18)/K18)*100 -> 45.699031 | N18: 5627.7133 | O18: 6562.9002 | P18: =((O18-N18)/N18)*100 -> 16.617529 | R18: ล้านบาท | S18: 4254.66 | T18: 5627.7133 | U18: =((T18-S18)/S18)*100 -> 32.271751 | V18: 7409.2136 | W18: 5627.7133 | X18: =((W18-V18)/V18)*100 -> -24.044391 | Z18: ล้านบาท | AA18: 6778.8745 | AB18: 7409.2136 | AC18: =((AB18-AA18)/AA18)*100 -> 9.2985794 | AD18: 5544.33 | AE18: 7409.2136 | AF18: =((AE18-AD18)/AD18)*100 -> 33.635869 | AH18: ล้านบาท | AI18: 4902.11 | AJ18: 5544.33 | AK18: =((AJ18-AI18)/AI18)*100 -> 13.100889 | AL18: 4737.71 | AM18: 5544.33 | AN18: =((AM18-AL18)/AL18)*100 -> 17.025525 | AP18: ล้านบาท | AQ18: 4730.19 | AR18: 4737.71 | AS18: =((AR18-AQ18)/AQ18)*100 -> 0.15897881 | AT18: 5647.74 | AU18: 4737.71 | AV18: =((AU18-AT18)/AT18)*100 -> -16.113171 | AX18: ล้านบาท | AY18: 5604.2948 | AZ18: 5647.74 | BA18: =((AZ18-AY18)/AY18)*100 -> 0.77521268 | BB18: 4769.06 | BC18: 5647.74 | BD18: =((BC18-BB18)/BB18)*100 -> 18.424595 | BF18: ล้านบาท | BG18: 4606.89 | BH18: 4769.06 | BI18: =((BH18-BG18)/BG18)*100 -> 3.5201622 | BJ18: 4193.06 | BK18: 4769.06 | BL18: =((BK18-BJ18)/BJ18)*100 -> 13.736984 | BN18: ล้านบาท | BO18: 4129.61 | BP18: 4193.06 | BQ18: =((BP18-BO18)/BO18)*100 -> 1.5364647 | BR18: 3350.06 | BS18: 4193.06 | BT18: =((BS18-BR18)/BR18)*100 -> 25.163728 | BV18: ล้านบาท | BW18: 2425.86 | BX18: 3350.06 | BY18: =((BX18-BW18)/BW18)*100 -> 38.097829 | BZ18: 2945.3 | CA18: 3350.06 | CB18: =((CA18-BZ18)/BZ18)*100 -> 13.742573 | CD18: ล้านบาท | CE18: 3084.94 | CF18: 2945.3 | CG18: =((CF18-CE18)/CE18)*100 -> -4.5265062 | CH18: 3030.57 | CI18: 2945.3 | CJ18: =((CI18-CH18)/CH18)*100 -> -2.8136621 | CL18: 3665.02 | CM18: 4106.66 | CN18: =((CM18-CL18)/CL18)*100 -> 12.050139 | CO18: 2836.98 | CP18: 4106.66 | CQ18: =((CP18-CO18)/CO18)*100 -> 44.754633 | CT18: ล้านบาท | CU18: 2041.87 | CV18: 2836.98 | CW18: =((CV18-CU18)/CU18)*100 -> 38.940285 | CX18: 1674.04 | CY18: 2836.98 | CZ18: =((CY18-CX18)/CX18)*100 -> 69.469069 | DC18: ล้านบาท | DD18: 2405.86 | DE18: 1674.04 | DF18: =((DE18-DD18)/DD18)*100 -> -30.418229 | DG18: 2523.01 | DH18: 1674.04 | DI18: =((DH18-DG18)/DG18)*100 -> -33.649094 | DL18: ล้านบาท | DM18: 2292.36 | DN18: 2523.01 | DO18: =((DN18-DM18)/DM18)*100 -> 10.061683 | DP18: 1354.37 | DQ18: 2523.01 | DR18: =((DQ18-DP18)/DP18)*100 -> 86.286613 | DU18: ล้านบาท | DV18: 1583.44 | DW18: 1354.37 | DX18: =((DW18-DV18)/DV18)*100 -> -14.466604 | DY18: 1680.86 | DZ18: 1354.37 | EA18: =((DZ18-DY18)/DY18)*100 -> -19.423985 | ED18: ล้านบาท | EE18: 1879.03 | EF18: 1680.86 | EG18: =((EF18-EE18)/EE18)*100 -> -10.546399 | EH18: 2646.46 | EI18: 1680.86 | EJ18: =((EI18-EH18)/EH18)*100 -> -36.486476 | EM18: ล้านบาท | EN18: 1970.11 | EO18: 2436.23 | EP18: =(EO18-EN18)/EN18*100 -> 23.659593 | EQ18: 2573.9 | ER18: 2436.23 | ES18: =(ER18-EQ18)/EQ18*100 -> -5.3486926
C20: รถยนต์ ต.ค. 68 | K20: รถยนต์ ต.ค. 67 | S20: รถยนต์ ต.ค. 66 | AA20: รถยนต์ ต.ค. 65 | AI20: รถยนต์ ต.ค. 64 | AQ20: รถยนต์ ต.ค. 63 | AY20: รถยนต์ ต.ค. 62 | BG20: รถยนต์ ต.ค. 61 | BO20: รถยนต์ ต.ค. 60 | BW20: รถยนต์ ต.ค. 59 | CE20: รถยนต์ ตค 58 | CL20: รถยนต์ ตค 56 | CU20: รถยนต์ ตค 55 | DD20: รถยนต์ ตค 54 | DM20: รถยนต์ ตค 53 | DV20: รถยนต์ ตค 52 | EE20: รถยนต์ ตค 51 | EN20: รถยนต์ ตค 50
C21: ก.ย. 68 | D21: ต.ค. 68 | E21: ร้อยละ | F21: ต.ค. 67 | G21: ต.ค. 68 | H21: ร้อยละ | K21: ก.ย. 67 | L21: ต.ค. 67 | M21: ร้อยละ | N21: ต.ค. 66 | O21: ต.ค. 67 | P21: ร้อยละ | S21: ก.ย. 66 | T21: ต.ค.66 | U21: ร้อยละ | V21: ต.ค. 65 | W21: ต.ค. 66 | X21: ร้อยละ | AA21: ก.ย. 65 | AB21: ต.ค.65 | AC21: ร้อยละ | AD21: ต.ค. 64 | AE21: ต.ค. 65 | AF21: ร้อยละ | AI21: ก.ย. 64 | AJ21: ต.ค.64 | AK21: ร้อยละ | AL21: ต.ค. 63 | AM21: ต.ค. 64 | AN21: ร้อยละ | AQ21: ก.ย. 63 | AR21: ต.ค.63 | AS21: ร้อยละ | AT21: ต.ค. 62 | AU21: ต.ค. 63 | AV21: ร้อยละ | AY21: ก.ย. 62 | AZ21: ต.ค.62 | BA21: ร้อยละ | BB21: ต.ค. 61 | BC21: ต.ค. 62 | BD21: ร้อยละ | BG21: ก.ย. 61 | BH21: ต.ค.61 | BI21: ร้อยละ | BJ21: ต.ค. 60 | BK21: ต.ค. 61 | BL21: ร้อยละ | BO21: ก.ย. 60 | BP21: ต.ค.60 | BQ21: ร้อยละ | BR21: ต.ค. 59 | BS21: ต.ค. 60 | BT21: ร้อยละ | BW21: ก.ย. 59 | BX21: ต.ค. 59 | BY21: ร้อยละ | BZ21: ต.ค. 58 | CA21: ต.ค. 59 | CB21: ร้อยละ | CE21: กย 58 | CF21: ตค 58 | CG21: ร้อยละ | CH21: ตค 57 | CI21: ตค 58 | CJ21: ร้อยละ | CL21: กย 56 | CM21: ตค 56 | CN21: ร้อยละ | CO21: ตค 55 | CP21: ตค 56 | CQ21: ร้อยละ | CU21: กย 55 | CV21: ตค 55 | CW21: ร้อยละ | CX21: ตค 54 | CY21: ตค 55 | CZ21: ร้อยละ | DD21: กย 54 | DE21: ตค 54 | DF21: ร้อยละ | DG21: ตค 53 | DH21: ตค 54 | DI21: ร้อยละ | DM21: กย 53 | DN21: ตค 53 | DO21: ร้อยละ | DP21: ตค 52 | DQ21: ตค 53 | DR21: ร้อยละ | DV21: กย 52 | DW21: ตค 52 | DX21: ร้อยละ | DY21: ตค 51 | DZ21: ตค 52 | EA21: ร้อยละ | EE21: 18872 | EF21: 18902 | EG21: ร้อยละ | EH21: ตค 50 | EI21: ตค 51 | EJ21: ร้อยละ | EN21: 18507 | EO21: 18537 | EP21: ร้อยละ | EQ21: 18172 | ER21: 18537 | ES21: ร้อยละ
A22: ผลิต | C22: 128104 | D22: 135685 | E22: =((D22-C22)/C22)*100 -> 5.917848 | F22: 118346 | G22: 135685 | H22: =((G22-F22)/F22)*100 -> 14.651108 | I22: ผลิต | K22: 122277 | L22: 118346 | M22: =((L22-K22)/K22)*100 -> -3.2148319 | N22: 158734 | O22: 118346 | P22: =((O22-N22)/N22)*100 -> -25.443824 | Q22: ผลิต | S22: 164093 | T22: 158734 | U22: =((T22-S22)/S22)*100 -> -3.265831 | V22: 170717 | W22: 158734 | X22: =((W22-V22)/V22)*100 -> -7.0192189 | Y22: ผลิต | AA22: 179237 | AB22: 170717 | AC22: =((AB22-AA22)/AA22)*100 -> -4.7534828 | AD22: 154038 | AE22: 170717 | AF22: =((AE22-AD22)/AD22)*100 -> 10.827848 | AG22: ผลิต | AI22: 140038 | AJ22: 154038 | AK22: =((AJ22-AI22)/AI22)*100 -> 9.9972865 | AL22: 149159 | AM22: 154038 | AN22: =((AM22-AL22)/AL22)*100 -> 3.2710061 | AO22: ผลิต | AQ22: 150345 | AR22: 149360 | AS22: =((AR22-AQ22)/AQ22)*100 -> -0.6551598 | AT22: 152787 | AU22: 149360 | AV22: =((AU22-AT22)/AT22)*100 -> -2.2429919 | AW22: ผลิต | AY22: 169474 | AZ22: 152787 | BA22: =((AZ22-AY22)/AY22)*100 -> -9.8463481 | BB22: 197203 | BC22: 152787 | BD22: =((BC22-BB22)/BB22)*100 -> -22.522984 | BE22: ผลิต | BG22: 183191 | BH22: 197203 | BI22: =((BH22-BG22)/BG22)*100 -> 7.6488474 | BJ22: 163487 | BK22: 197203 | BL22: =((BK22-BJ22)/BJ22)*100 -> 20.623046 | BM22: ผลิต | BO22: 190272 | BP22: 163487 | BQ22: =((BP22-BO22)/BO22)*100 -> -14.077216 | BR22: 161105 | BS22: 163487 | BT22: =((BS22-BR22)/BR22)*100 -> 1.4785388 | BU22: ผลิต | BW22: 173069 | BX22: 161105 | BY22: =((BX22-BW22)/BW22)*100 -> -6.9128498 | BZ22: 165381 | CA22: 161105 | CB22: =((CA22-BZ22)/BZ22)*100 -> -2.5855449 | CE22: 171496 | CF22: 165381 | CG22: =((CF22-CE22)/CE22)*100 -> -3.5656808 | CH22: 159760 | CI22: 165381 | CJ22: =((CI22-CH22)/CH22)*100 -> 3.5184026 | CL22: =SUM(CL23:CL25) -> 194744 | CM22: =SUM(CM23:CM25) -> 185117 | CN22: =((CM22-CL22)/CL22)*100 -> -4.9434129 | CO22: 252165 | CP22: 185117 | CQ22: =((CP22-CO22)/CO22)*100 -> -26.58894 | CS22: ผลิต | CU22: =SUM(CU23:CU25) -> 228500 | CV22: =SUM(CV23:CV25) -> 252165 | CW22: =((CV22-CU22)/CU22)*100 -> 10.356674 | CX22: =SUM(CX23:CX25) -> 49439 | CY22: =SUM(CY23:CY25) -> 252165 | CZ22: =((CY22-CX22)/CX22)*100 -> 410.05279 | DB22: ผลิต | DD22: =SUM(DD23:DD25) -> 174212 | DE22: =SUM(DE23:DE25) -> 49439 | DF22: =((DE22-DD22)/DD22)*100 -> -71.621358 | DG22: 152689 | DH22: 49439 | DI22: =((DH22-DG22)/DG22)*100 -> -67.621112 | DK22: ผลิต | DM22: =SUM(DM23:DM25) -> 141416 | DN22: =SUM(DN23:DN25) -> 152689 | DO22: =((DN22-DM22)/DM22)*100 -> 7.9715167 | DP22: 115043 | DQ22: 152689 | DR22: =((DQ22-DP22)/DP22)*100 -> 32.723416 | DT22: ผลิต | DV22: =SUM(DV23:DV25) -> 103390 | DW22: =SUM(DW23:DW25) -> 115043 | DX22: =(DW22-DV22)/DV22*100 -> 11.270916 | DY22: 124656 | DZ22: =SUM(DZ23:DZ25) -> 115043 | EA22: =(DZ22-DY22)/DY22*100 -> -7.7116224 | EC22: ผลิต | EE22: 123834 | EF22: =SUM(EF23:EF25) -> 124656 | EG22: =((EF22-EE22)/EE22)*100 -> 0.66379185 | EH22: 123845 | EI22: =SUM(EI23:EI25) -> 124656 | EJ22: =((EI22-EH22)/EH22)*100 -> 0.65485082 | EL22: ผลิต | EN22: =SUM(EN23:EN25) -> 117171 | EO22: =SUM(EO23:EO25) -> 123845 | EP22: =(EO22-EN22)/EN22*100 -> 5.6959487 | EQ22: =SUM(EQ23:EQ25) -> 95405 | ER22: =SUM(ER23:ER25) -> 123845 | ES22: =(ER22-EQ22)/EQ22*100 -> 29.809758
